gbifID	datasetKey	occurrenceID	kingdom	phylum	class	order	family	genus	species	infraspecificEpithet	taxonRank	scientificName	verbatimScientificName	verbatimScientificNameAuthorship	countryCode	locality	stateProvince	occurrenceStatus	individualCount	publishingOrgKey	decimalLatitude	decimalLongitude	coordinateUncertaintyInMeters	coordinatePrecision	elevation	elevationAccuracy	depth	depthAccuracy	eventDate	day	month	year	taxonKey	speciesKey	basisOfRecord	institutionCode	collectionCode	catalogNumber	recordNumber	identifiedBy	dateIdentified	license	rightsHolder	recordedBy	typeStatus	establishmentMeans	lastInterpreted	mediaType	issue
912359404	cd6e21c8-9e8a-493a-8a76-fbf7862069e5	http://specimens.kew.org/herbarium/K000427477	Plantae	Tracheophyta	Magnoliopsida	Malpighiales	Malpighiaceae	Barnebya	Barnebya harleyi		SPECIES	Barnebya harleyi W.R.Anderson & B.Gates	Barnebya harleyi	W.R.Anderson & B.Gates	BR	Serra do Curral Feio 3 km. N.W. of Lagoinha (5.5 km. S.W. of Delfino) on the side road to Minas do Mimoso.		PRESENT		061b4f20-f241-11da-a328-b8a03c50a862	-10.45	-41.266667			640.0				1974-03-05T00:00	5	3	1974	3984448	3984448	PRESERVED_SPECIMEN	K	Herbarium	K000427477	16750			CC_BY_4_0		Harley, R.M.; Renvoize, S.A.; Erskine, C.M.; Brighton, C.A.; Pinheiro, R.	Isotype		2025-04-03T22:45:15.909Z	StillImage	COORDINATE_ROUNDED;GEODETIC_DATUM_ASSUMED_WGS84;CONTINENT_DERIVED_FROM_COORDINATES;PRESUMED_NEGATED_LATITUDE;INSTITUTION_MATCH_FUZZY;INSTITUTION_COLLECTION_MISMATCH
912359392	cd6e21c8-9e8a-493a-8a76-fbf7862069e5	http://specimens.kew.org/herbarium/K000427476	Plantae	Tracheophyta	Magnoliopsida	Malpighiales	Malpighiaceae	Barnebya	Barnebya harleyi		SPECIES	Barnebya harleyi W.R.Anderson & B.Gates	Barnebya harleyi	W.R.Anderson & B.Gates	BR	Serra do Curral Feio 3 km. N.W. of Lagoinha (5.5 km. S.W. of Delfino) on the side road to Minas do Mimoso.		PRESENT		061b4f20-f241-11da-a328-b8a03c50a862	-10.45	-41.266667			640.0				1974-03-05T00:00	5	3	1974	3984448	3984448	PRESERVED_SPECIMEN	K	Herbarium	K000427476	16750			CC_BY_4_0		Harley, R.M.; Renvoize, S.A.; Erskine, C.M.; Brighton, C.A.; Pinheiro, R.	Type		2025-04-03T22:42:46.402Z	StillImage	COORDINATE_ROUNDED;GEODETIC_DATUM_ASSUMED_WGS84;CONTINENT_DERIVED_FROM_COORDINATES;PRESUMED_NEGATED_LATITUDE;INSTITUTION_MATCH_FUZZY;INSTITUTION_COLLECTION_MISMATCH
5003488512	907f9a33-e480-476e-a9f3-0b1f2831abe4	urn:catalog:HACAM:4675	Plantae	Tracheophyta	Magnoliopsida	Malpighiales	Malpighiaceae	Barnebya	Barnebya harleyi		SPECIES	Barnebya harleyi W.R.Anderson & B.Gates	Barnebya harleyi W.R.Anderson & B.Gates	W.R.Anderson & B.Gates	BR	Serra das Umburanas. Savana Estépica; Planossolo Háplico Eutrófico; Caatinga.	Pernambuco	PRESENT		6eaf86d8-0d50-492e-9f04-f5b46320d47e	-8.4025	-37.200278			721.0				2019-05-30	30	5	2019	3984448	3984448	PRESERVED_SPECIMEN	HACAM	HACAM	HACAM00004675	322	Fontana, A.P.		CC_BY_4_0	HERBÁRIO MANUEL DE ARRUDA CÂMARA	Santos, J.M.; Souza, P.R.A. de			2025-04-01T12:06:25.252Z		COORDINATE_ROUNDED;GEODETIC_DATUM_ASSUMED_WGS84;CONTINENT_DERIVED_FROM_COORDINATES;IDENTIFIED_DATE_INVALID;INSTITUTION_MATCH_NONE
4999858015	67f33aea-2c4b-475b-b243-91ca1b9dd29a	6474301	Plantae	Tracheophyta	Magnoliopsida	Malpighiales	Malpighiaceae	Barnebya	Barnebya harleyi		SPECIES	Barnebya harleyi W.R.Anderson & B.Gates	Barnebya harleyi W.R.Anderson & B.Gates	W.R.Anderson & B.Gates	BR	Piemonte da Diamantina, 3 Km NW of Lagoinha (5,5 Km of Delfino) on the side road to Minas do Mimoso. Cut over woodland, and by cultivation near river	Bahia	PRESENT		838537fc-4aeb-4980-8b58-97fbdcd1d91a	-10.333333	-41.333333			320.0	320.0			1974-05-05	5	5	1974	3984448	3984448	PRESERVED_SPECIMEN	ALCB	ALCB	ALCB00000102	16750	Anderson, WR; Gotes		CC_BY_4_0	ALCB	Harley, RM	Isotype		2025-04-01T12:06:20.682Z	StillImage	COORDINATE_ROUNDED;GEODETIC_DATUM_ASSUMED_WGS84;CONTINENT_DERIVED_FROM_COORDINATES;ELEVATION_MIN_MAX_SWAPPED;IDENTIFIED_DATE_INVALID;INSTITUTION_MATCH_FUZZY;COLLECTION_MATCH_FUZZY
4999662062	6cb1a437-f8a6-4bdc-a534-87cf2b710427	6613836	Plantae	Tracheophyta	Magnoliopsida	Malpighiales	Malpighiaceae	Barnebya	Barnebya harleyi		SPECIES	Barnebya harleyi W.R.Anderson & B.Gates	Barnebya harleyi W.R.Anderson & B.Gates	W.R.Anderson & B.Gates	BR	Serra do Piriquito	Pernambuco	PRESENT		838537fc-4aeb-4980-8b58-97fbdcd1d91a	-8.623333	-37.621667			857.0	0.0			2019-05-30	30	5	2019	3984448	3984448	PRESERVED_SPECIMEN	HUEFS	HUEFS	HUEFS00238187	599	D.P.Souza		CC_BY_4_0	HUEFS	Souza, D.P.			2025-04-01T12:17:47.948Z		COORDINATE_ROUNDED;GEODETIC_DATUM_ASSUMED_WGS84;CONTINENT_DERIVED_FROM_COORDINATES;IDENTIFIED_DATE_INVALID;INSTITUTION_MATCH_FUZZY;COLLECTION_MATCH_FUZZY
4999654436	6cb1a437-f8a6-4bdc-a534-87cf2b710427	6613967	Plantae	Tracheophyta	Magnoliopsida	Malpighiales	Malpighiaceae	Barnebya	Barnebya harleyi		SPECIES	Barnebya harleyi W.R.Anderson & B.Gates	Barnebya harleyi W.R.Anderson & B.Gates	W.R.Anderson & B.Gates	BR	Serra das Umburanas	Pernambuco	PRESENT		838537fc-4aeb-4980-8b58-97fbdcd1d91a	-8.619167	-37.616944			721.0	0.0			2019-05-30	30	5	2019	3984448	3984448	PRESERVED_SPECIMEN	HUEFS	HUEFS	HUEFS00238327	322	A.P.Fontana		CC_BY_4_0	HUEFS	Santos, J.M.			2025-04-01T12:17:47.955Z		COORDINATE_ROUNDED;GEODETIC_DATUM_ASSUMED_WGS84;CONTINENT_DERIVED_FROM_COORDINATES;IDENTIFIED_DATE_INVALID;INSTITUTION_MATCH_FUZZY;COLLECTION_MATCH_FUZZY
4955409611	330d773a-abe3-4234-b423-129dc4d00963	https://specieslink.net/guid/229/39218	Plantae	Tracheophyta	Magnoliopsida	Malpighiales	Malpighiaceae	Barnebya	Barnebya harleyi		SPECIES	Barnebya harleyi W.R.Anderson & B.Gates	Barnebya harleyi	W.R.Anderson & B.Gates	BR	Morro do Agenor, Mata da base do Inselberf. Coord.: lat.:12º43'S; Lon.:39º42'W; Alt.: 280m.	Bahia	PRESENT		303e2432-448c-41ec-be2b-020a25c7adc4									1996-03-31	31	3	1996	3984448	3984448	PRESERVED_SPECIMEN	UFJF	CESJ	39218	1544			CC_BY_4_0	Herbário Leopoldo Krieger	E. Melo		native	2025-03-20T22:47:59.335Z		INSTITUTION_MATCH_FUZZY;INSTITUTION_COLLECTION_MISMATCH
4955333481	cbf8c968-37d6-45be-bf5c-e22914a384dc	https://specieslink.net/guid/8/098760	Plantae	Tracheophyta	Magnoliopsida	Malpighiales	Malpighiaceae	Barnebya	Barnebya harleyi		SPECIES	Barnebya harleyi W.R.Anderson & B.Gates	Barnebya harleyi		BR		Bahia	PRESENT		a88bec5c-1cbf-47a2-8c3e-6081804d80a5									2006-04-08	8	4	2006	3984448	3984448	PRESERVED_SPECIMEN	ESALQ	ESA	098760	4343	Carvalho, P.D.	2006-01-06T00:00:00	CC_BY_4_0	Herbário da Escola Superior de Agricultura Luiz de Queiroz	Melo, E.		native	2025-03-13T22:31:41.773Z		CONTINENT_DERIVED_FROM_COUNTRY;INSTITUTION_MATCH_NONE
4955275133	cbf8c968-37d6-45be-bf5c-e22914a384dc	https://specieslink.net/guid/8/081359	Plantae	Tracheophyta	Magnoliopsida	Malpighiales	Malpighiaceae	Barnebya	Barnebya harleyi		SPECIES	Barnebya harleyi W.R.Anderson & B.Gates	Barnebya harleyi	W.Anderson & B.Gates	BR		Bahia	PRESENT		a88bec5c-1cbf-47a2-8c3e-6081804d80a5									2001-03-02	2	3	2001	3984448	3984448	PRESERVED_SPECIMEN	ESALQ	ESA	081359	132			CC_BY_4_0	Herbário da Escola Superior de Agricultura Luiz de Queiroz	Ribeiro Filho, A.A. et al.		native	2025-03-13T22:31:41.714Z		CONTINENT_DERIVED_FROM_COUNTRY;INSTITUTION_MATCH_NONE
4955234466	cbf8c968-37d6-45be-bf5c-e22914a384dc	https://specieslink.net/guid/8/098736	Plantae	Tracheophyta	Magnoliopsida	Malpighiales	Malpighiaceae	Barnebya	Barnebya harleyi		SPECIES	Barnebya harleyi W.R.Anderson & B.Gates	Barnebya harleyi		BR		Bahia	PRESENT		a88bec5c-1cbf-47a2-8c3e-6081804d80a5									2006-04		4	2006	3984448	3984448	PRESERVED_SPECIMEN	ESALQ	ESA	098736	298	Carvalho, P.D.	2006-01-07T00:00:00	CC_BY_4_0	Herbário da Escola Superior de Agricultura Luiz de Queiroz	Carvalho, P.D.		native	2025-03-13T22:31:41.774Z		CONTINENT_DERIVED_FROM_COUNTRY;INSTITUTION_MATCH_NONE
4950913852	f45c5ee0-e5ec-42e3-a80a-07318144efa4	https://specieslink.net/guid/148/77363	Plantae	Tracheophyta	Magnoliopsida	Malpighiales	Malpighiaceae	Barnebya	Barnebya harleyi		SPECIES	Barnebya harleyi W.R.Anderson & B.Gates	Barnebya harleyi	W.R. Anderson & B. Gates	BR	Dois Irmãos	Pernambuco	PRESENT		202d5f34-ff58-4ad7-964f-c947ce18078e									2005-05		5	2005	3984448	3984448	PRESERVED_SPECIMEN	IPA	IPA	77363	s.n.	Cano, O.	2005-05-01T00:00:00	CC_BY_4_0	Herbário - IPA Dárdano de Andrade Lima	Renata Janaína		native	2025-04-03T18:58:01.660Z		INSTITUTION_MATCH_FUZZY;COLLECTION_MATCH_FUZZY;DIFFERENT_OWNER_INSTITUTION
4900624023	6cb1a437-f8a6-4bdc-a534-87cf2b710427	6393307	Plantae	Tracheophyta	Magnoliopsida	Malpighiales	Malpighiaceae	Barnebya	Barnebya harleyi		SPECIES	Barnebya harleyi W.R.Anderson & B.Gates	Barnebya harleyi W.R.Anderson & B.Gates	W.R.Anderson & B.Gates	BR	3 km N.W. of Lagoinha (5.5 km S.W. of Delfino), on the side road to Minas do Mimoso.	Bahia	PRESENT		838537fc-4aeb-4980-8b58-97fbdcd1d91a	-10.266667	-41.266667			640.0	0.0			1974-03-05	5	3	1974	3984448	3984448	PRESERVED_SPECIMEN	HUEFS	HUEFS	HUEFS00031498	16750	R.M.Harley	1974-01-01T00:00:00	CC_BY_4_0	HUEFS	Harley, R.M.	Isotype		2025-04-01T12:17:42.745Z		COORDINATE_ROUNDED;GEODETIC_DATUM_ASSUMED_WGS84;CONTINENT_DERIVED_FROM_COORDINATES;RECORDED_DATE_INVALID;INSTITUTION_MATCH_FUZZY;COLLECTION_MATCH_FUZZY
4900590502	6cb1a437-f8a6-4bdc-a534-87cf2b710427	6379233	Plantae	Tracheophyta	Magnoliopsida	Malpighiales	Malpighiaceae	Barnebya	Barnebya harleyi		SPECIES	Barnebya harleyi W.R.Anderson & B.Gates	Barnebya harleyi W.R.Anderson & B.Gates	W.R.Anderson & B.Gates	BR	Morro do Agenor	Bahia	PRESENT		838537fc-4aeb-4980-8b58-97fbdcd1d91a	-12.7	-39.7			280.0	0.0			1996-03-31	31	3	1996	3984448	3984448	PRESERVED_SPECIMEN	HUEFS	HUEFS	HUEFS00022656	1544	A.Amorim		CC_BY_4_0	HUEFS	Melo, E.			2025-04-01T12:17:40.503Z		COORDINATE_ROUNDED;GEODETIC_DATUM_ASSUMED_WGS84;CONTINENT_DERIVED_FROM_COORDINATES;IDENTIFIED_DATE_INVALID;INSTITUTION_MATCH_FUZZY;COLLECTION_MATCH_FUZZY
4900586537	6cb1a437-f8a6-4bdc-a534-87cf2b710427	6379055	Plantae	Tracheophyta	Magnoliopsida	Malpighiales	Malpighiaceae	Barnebya	Barnebya harleyi		SPECIES	Barnebya harleyi W.R.Anderson & B.Gates	Barnebya harleyi W.R.Anderson & B.Gates	W.R.Anderson & B.Gates	BR	Morro das Tocas.	Bahia	PRESENT		838537fc-4aeb-4980-8b58-97fbdcd1d91a	-12.7	-39.7			330.0	30.0			1996-03-30	30	3	1996	3984448	3984448	PRESERVED_SPECIMEN	HUEFS	HUEFS	HUEFS00022629	1518	A.Amorim		CC_BY_4_0	HUEFS	Melo, E.			2025-04-01T12:17:40.850Z		COORDINATE_ROUNDED;GEODETIC_DATUM_ASSUMED_WGS84;CONTINENT_DERIVED_FROM_COORDINATES;IDENTIFIED_DATE_INVALID;INSTITUTION_MATCH_FUZZY;COLLECTION_MATCH_FUZZY
4900570812	6cb1a437-f8a6-4bdc-a534-87cf2b710427	6387992	Plantae	Tracheophyta	Magnoliopsida	Malpighiales	Malpighiaceae	Barnebya	Barnebya harleyi		SPECIES	Barnebya harleyi W.R.Anderson & B.Gates	Barnebya harleyi W.R.Anderson & B.Gates	W.R.Anderson & B.Gates	BR	Serra do Monre Santo. Adutora da Compesa. Residência do Sr. João Bosco-SP1.	Pernambuco	PRESENT		838537fc-4aeb-4980-8b58-97fbdcd1d91a	-8.224722	-39.226111			644.0	0.0			2014-04-09	9	4	2014	3984448	3984448	PRESERVED_SPECIMEN	HUEFS	HUEFS	HUEFS00248717	7968	A.P.Fontana		CC_BY_4_0	HUEFS	Fontana, A.P.			2025-04-01T12:17:42.264Z		COORDINATE_ROUNDED;GEODETIC_DATUM_ASSUMED_WGS84;CONTINENT_DERIVED_FROM_COORDINATES;RECORDED_DATE_INVALID;IDENTIFIED_DATE_INVALID;INSTITUTION_MATCH_FUZZY;COLLECTION_MATCH_FUZZY
4900557294	6cb1a437-f8a6-4bdc-a534-87cf2b710427	6404252	Plantae	Tracheophyta	Magnoliopsida	Malpighiales	Malpighiaceae	Barnebya	Barnebya harleyi		SPECIES	Barnebya harleyi W.R.Anderson & B.Gates	Barnebya harleyi W.R.Anderson & B.Gates	W.R.Anderson & B.Gates	BR	Fazenda Xingó, perto de Xingozinho, 3 Km da divisa com a Bahia.	Sergipe	PRESENT		838537fc-4aeb-4980-8b58-97fbdcd1d91a	-9.03	-38.0175							2001-04-25	25	4	2001	3984448	3984448	PRESERVED_SPECIMEN	HUEFS	HUEFS	HUEFS00052986	54284	R.M.Harley		CC_BY_4_0	HUEFS	Harley, R.M.			2025-04-01T12:17:43.602Z		COORDINATE_ROUNDED;GEODETIC_DATUM_ASSUMED_WGS84;CONTINENT_DERIVED_FROM_COORDINATES;IDENTIFIED_DATE_INVALID;INSTITUTION_MATCH_FUZZY;COLLECTION_MATCH_FUZZY
4900553510	6cb1a437-f8a6-4bdc-a534-87cf2b710427	6382465	Plantae	Tracheophyta	Magnoliopsida	Malpighiales	Malpighiaceae	Barnebya	Barnebya harleyi		SPECIES	Barnebya harleyi W.R.Anderson & B.Gates	Barnebya harleyi W.R.Anderson & B.Gates	W.R.Anderson & B.Gates	BR	Road Palmeiras - Guine	Bahia	PRESENT		838537fc-4aeb-4980-8b58-97fbdcd1d91a	-12.960833	-41.95			763.0	0.0			2017-03-11	11	3	2017	3984448	3984448	PRESERVED_SPECIMEN	HUEFS	HUEFS	HUEFS00235422	2129	P.W.Moonlight		CC_BY_4_0	HUEFS	Pennington, R.T.			2025-04-01T12:17:41.192Z		COORDINATE_ROUNDED;GEODETIC_DATUM_ASSUMED_WGS84;CONTINENT_DERIVED_FROM_COORDINATES;RECORDED_DATE_INVALID;IDENTIFIED_DATE_INVALID;INSTITUTION_MATCH_FUZZY;COLLECTION_MATCH_FUZZY
4900543964	6cb1a437-f8a6-4bdc-a534-87cf2b710427	6414441	Plantae	Tracheophyta	Magnoliopsida	Malpighiales	Malpighiaceae	Barnebya	Barnebya harleyi		SPECIES	Barnebya harleyi W.R.Anderson & B.Gates	Barnebya harleyi W.R.Anderson & B.Gates	W.R.Anderson & B.Gates	BR	Base I, Biodiversitas - entrada da Gruta do Minadouro	Bahia	PRESENT		838537fc-4aeb-4980-8b58-97fbdcd1d91a	-9.9975	-38.990278			388.0	0.0			2003-05-22	22	5	2003	3984448	3984448	PRESERVED_SPECIMEN	HUEFS	HUEFS	HUEFS00072856	167	R.M.Harley		CC_BY_4_0	HUEFS	Oliveira, A.A.de			2025-04-01T12:17:44.297Z		COORDINATE_ROUNDED;GEODETIC_DATUM_ASSUMED_WGS84;CONTINENT_DERIVED_FROM_COORDINATES;IDENTIFIED_DATE_INVALID;INSTITUTION_MATCH_FUZZY;COLLECTION_MATCH_FUZZY
4458926448	ef63de62-c7fc-44d6-9a19-3a5e05b2573c	5912949	Plantae	Tracheophyta	Magnoliopsida	Malpighiales	Malpighiaceae	Barnebya	Barnebya harleyi		SPECIES	Barnebya harleyi W.R.Anderson & B.Gates	Barnebya harleyi W.R.Anderson & B.Gates	W.R.Anderson & B.Gates	BR	Parque Nacional de Boa Nova. Estrada para as antenas, passando pelo aterro sanitário, ca. 2km	Bahia	PRESENT		838537fc-4aeb-4980-8b58-97fbdcd1d91a	-14.348056	14.0							2022-04-11	11	4	2022	3984448	3984448	PRESERVED_SPECIMEN	HURB	HURB	HURB000027882	6271	G. Costa & M.R.Sampaio		CC_BY_4_0	HURB	Aona, L.Y.S.;Souza, E.H.			2025-02-06T18:38:17.847Z		COORDINATE_ROUNDED;GEODETIC_DATUM_ASSUMED_WGS84;COUNTRY_COORDINATE_MISMATCH;CONTINENT_DERIVED_FROM_COORDINATES;RECORDED_DATE_INVALID;IDENTIFIED_DATE_INVALID;INSTITUTION_MATCH_FUZZY;COLLECTION_MATCH_FUZZY
4441915567	afae313d-2283-49fc-97fd-6825da4cb49b	https://specieslink.net/guid/188/8238	Plantae	Tracheophyta	Magnoliopsida	Malpighiales	Malpighiaceae	Barnebya	Barnebya harleyi		SPECIES	Barnebya harleyi W.R.Anderson & B.Gates	Barnebya harleyi	W.R.Anderson & B.Gates	BR	Serra do Pico	Pernambuco	PRESENT		903d4412-04a3-47c7-8584-7911a3d7e2d1	-8.341628	-38.33409			0.0	0.0			2019-04-25	25	4	2019	3984448	3984448	PRESERVED_SPECIMEN	CPATSA	HTSA	8238	7165	Fontana, A.P.	2019-04-25T00:00:00	CC_BY_4_0	Herbário do Trópico Semiárido	Fontana, A.P.; Souza, P.R.A.		native	2025-04-04T06:26:06.975Z		CONTINENT_DERIVED_FROM_COORDINATES;INSTITUTION_MATCH_NONE
4439782789	5c9a924c-8d45-4452-8604-415a118578aa	5979798	Plantae	Tracheophyta	Magnoliopsida	Malpighiales	Malpighiaceae	Barnebya	Barnebya harleyi		SPECIES	Barnebya harleyi W.R.Anderson & B.Gates	Barnebya harleyi W.R.Anderson & B.Gates	W.R.Anderson & B.Gates	BR	3 km NW of Lagoinha (5.5 km SW of Delfino) on the side road to Minas do Mimoso.	Bahia	PRESENT		838537fc-4aeb-4980-8b58-97fbdcd1d91a	-10.45	-41.266667			640.0				1974-03-05	5	3	1974	3984448	3984448	PRESERVED_SPECIMEN	MBM	MBM	MBM00216581	16750			CC_BY_4_0	MBM	Harley, RM , R;Pinheiro,Renvoize, SA,Brighton, CA,Erskine, CM	Isotype		2025-04-01T12:20:43.377Z		COORDINATE_ROUNDED;GEODETIC_DATUM_ASSUMED_WGS84;CONTINENT_DERIVED_FROM_COORDINATES;RECORDED_DATE_INVALID;IDENTIFIED_DATE_INVALID;INSTITUTION_MATCH_FUZZY;COLLECTION_MATCH_FUZZY
4439738969	b20d3818-a2d8-4014-8992-41d692386822	5970977	Plantae	Tracheophyta	Magnoliopsida	Malpighiales	Malpighiaceae	Barnebya	Barnebya harleyi		SPECIES	Barnebya harleyi W.R.Anderson & B.Gates	Barnebya harleyi W.R.Anderson & B.Gates	W.R.Anderson & B.Gates	BR	Paraguaçu. Fazenda Boa Esperança	Bahia	PRESENT		838537fc-4aeb-4980-8b58-97fbdcd1d91a	-12.5	-40.6			310.0				2016-03-27	27	3	2016	3984448	3984448	PRESERVED_SPECIMEN	HJ	HJ	HJ00009122	05	M.L. Guedes	2016-06-20T00:00:00	CC_BY_4_0	HJ	Casaes, M.P.;Guedes, M.L.			2025-02-06T18:23:25.077Z	StillImage	GEODETIC_DATUM_ASSUMED_WGS84;CONTINENT_DERIVED_FROM_COORDINATES;INSTITUTION_MATCH_FUZZY;COLLECTION_MATCH_FUZZY
4173716393	17efa320-7312-4b55-bf0a-a4cfc4613169	https://specieslink.net/guid/1/530689	Plantae	Tracheophyta	Magnoliopsida	Malpighiales	Malpighiaceae	Barnebya	Barnebya harleyi		SPECIES	Barnebya harleyi W.R.Anderson & B.Gates	Barnebya harleyi	W.R.Anderson	BR	Rodovia Maracás/Marciolínio Dias, Km 10	Bahia	PRESENT		2437c128-bf8c-4f53-b668-da95fb2e40b7									1989-05-23	23	5	1989	3984448	3984448	PRESERVED_SPECIMEN	IPA/SP	SP	530689	2850	Anderson, WR	1991-07-01T00:00:00	CC_BY_4_0	Herbário do Estado Maria Eneyda P. Kaufmann Fidalgo - Coleção de Plantas Vasculares	Mattos Silva, LA; et al.		native	2025-04-04T06:34:04.352Z		CONTINENT_DERIVED_FROM_COUNTRY;INSTITUTION_MATCH_NONE
3948504414	7aac2a16-2b16-410c-8649-6aae7a752ebb	https://specieslink.net/guid/343/9122	Plantae	Tracheophyta	Magnoliopsida	Malpighiales	Malpighiaceae	Barnebya	Barnebya harleyi		SPECIES	Barnebya harleyi W.R.Anderson & B.Gates	Barnebya harleyi	W.R.Anderson & B.Gates	BR	Paraguaçu. Fazenda Boa Esperança	Bahia	PRESENT		b3422768-adc1-4be2-9f59-c1d7af724428	-12.5	-40.6			310.0				2016-03-27	27	3	2016	3984448	3984448	PRESERVED_SPECIMEN	UFJ	HJ	9122	05	M.L. Guedes	2016-06-20T00:00:00	CC_BY_4_0	Herbario Jataiense	Casaes, M.P.; Guedes, M.L.		native	2025-04-04T06:25:02.031Z		CONTINENT_DERIVED_FROM_COORDINATES;INSTITUTION_MATCH_NONE
3947894448	c8d12f8a-7e39-4e2c-92d7-825d590ad15b	13109362-6df8-4547-9080-2780335616fe	Plantae	Tracheophyta	Magnoliopsida	Malpighiales	Malpighiaceae	Barnebya	Barnebya harleyi		SPECIES	Barnebya harleyi W.R.Anderson & B.Gates	Barnebya harleyi	W.R. Anderson & B. Gates	BR	Estrada Palmeiras - Guiné	Bahia	PRESENT		174c6da2-e002-42fe-9f56-2f9d670240f4	-12.5425	-41.575556							2006-04		4	2006	3984448	3984448	PRESERVED_SPECIMEN	MICH	Angiosperms	1006638	298			CC_BY_NC_4_0		P. D. Carvalho			2025-04-02T00:13:56.667Z	StillImage	GEODETIC_DATUM_INVALID;GEODETIC_DATUM_ASSUMED_WGS84
3827962667	86aea6d0-e340-4745-a596-3fc20f90a021	https://specieslink.net/guid/366/12949	Plantae	Tracheophyta	Magnoliopsida	Malpighiales	Malpighiaceae	Barnebya	Barnebya harleyi		SPECIES	Barnebya harleyi W.R.Anderson & B.Gates	Barnebya harleyi	W.R.Anderson & B.Gates	BR	Serra das Umburanas. Savana Estépica. Planossolo Háplico Eutrófico.	Pernambuco	PRESENT		eae63642-6f0d-45b9-a079-6ecd34406631	-8.402506	-37.200364							2019-05-30	30	5	2019	3984448	3984448	PRESERVED_SPECIMEN	UFMA	MAR	12949	322	A.P. FONTANA	2019-06-11T00:00:00	CC_BY_4_0	Herbário do Maranhão	J.M. SANTOS; P.R.A DE SOUZA		native	2025-03-28T04:34:51.401Z		CONTINENT_DERIVED_FROM_COORDINATES;INSTITUTION_MATCH_FUZZY;COLLECTION_MATCH_FUZZY
3761311306	2e684fd6-09e2-4661-910a-0a188b610c04	https://specieslink.net/guid/204/255327	Plantae	Tracheophyta	Magnoliopsida	Malpighiales	Malpighiaceae	Barnebya	Barnebya harleyi		SPECIES	Barnebya harleyi W.R.Anderson & B.Gates	Barnebya harleyi	W.R.Anderson & B.Gates	BR	Serra do Pico	Pernambuco	PRESENT		60545be9-4f28-4245-b4b4-07635c8dfa54	-8.347222	-38.334722			611.0	0.0			2019-04-25	25	4	2019	3984448	3984448	PRESERVED_SPECIMEN	UEFS	HUEFS	255327	10641	A.P.Fontana	2019-04-01T00:00:00	CC_BY_4_0	Herbario da Universidade Estadual de Feira de Santana	Fontana, A.P.		native	2025-03-20T22:52:22.998Z		CONTINENT_DERIVED_FROM_COORDINATES;INSTITUTION_MATCH_FUZZY;INSTITUTION_COLLECTION_MISMATCH;DIFFERENT_OWNER_INSTITUTION
3761253411	a8e78a51-12b2-4ca1-8945-6d909022ef6a	https://specieslink.net/guid/419/27882	Plantae	Tracheophyta	Magnoliopsida	Malpighiales	Malpighiaceae	Barnebya	Barnebya harleyi		SPECIES	Barnebya harleyi W.R.Anderson & B.Gates	Barnebya harleyi	W.R.Anderson & B.Gates	BR	Parque Nacional de Boa Nova. Estrada para as antenas, passando pelo aterro sanitário, ca. 2km	Bahia	PRESENT		6cc5aff1-f24c-4d67-a827-a666dc680b66									2022-04-11	11	4	2022	3984448	3984448	PRESERVED_SPECIMEN	UFRB	HURB	27882	6271	G. Costa & M.R.Sampaio	2022-11-01T00:00:00	CC_BY_4_0	Herbário do Recôncavo da Bahia	Aona, L.Y.S.; Souza, E.H.		native	2025-03-13T22:28:14.440Z		CONTINENT_DERIVED_FROM_COUNTRY;INSTITUTION_MATCH_NONE
3313946359	4300f8d5-1ae5-49e5-a101-63894b005868	urn:catalog:JBRJ:RB:1440736	Plantae	Tracheophyta	Magnoliopsida	Malpighiales	Malpighiaceae	Barnebya	Barnebya harleyi		SPECIES	Barnebya harleyi W.R.Anderson & B.Gates	Barnebya harleyi W.R.Anderson & B.Gates	W.R.Anderson & B.Gates	BR	Serra das Umburanas	Pernambuco	PRESENT		838537fc-4aeb-4980-8b58-97fbdcd1d91a	-8.4025	-37.200278							2019-05-30	30	5	2019	3984448	3984448	PRESERVED_SPECIMEN	JBRJ	RB	RB01440736	322	A.P Fontana	2019-06-11T00:00:00	CC_BY_4_0	Rio de Janeiro Botanical Garden	J.M. Santos; P.R.A Souza			2025-04-01T12:38:09.967Z	StillImage	COORDINATE_ROUNDED;GEODETIC_DATUM_ASSUMED_WGS84;CONTINENT_DERIVED_FROM_COORDINATES;INSTITUTION_MATCH_FUZZY;COLLECTION_MATCH_FUZZY
3060572087	c8d12f8a-7e39-4e2c-92d7-825d590ad15b	ddd2b91a-749f-463f-b4db-d533a2d1099e	Plantae	Tracheophyta	Magnoliopsida	Malpighiales	Malpighiaceae	Barnebya	Barnebya harleyi		SPECIES	Barnebya harleyi W.R.Anderson & B.Gates	Barnebya harleyi	W.R. Anderson & B. Gates	BR	Locality not transcribed for catalog no: 1533130	Bahia	PRESENT		174c6da2-e002-42fe-9f56-2f9d670240f4									1989-05-23	23	5	1989	3984448	3984448	PRESERVED_SPECIMEN	MICH	Angiosperms	1533130	2850			CC_BY_NC_4_0		L. A. Mattos Silva			2025-04-02T00:17:43.491Z	StillImage	
3060564496	c8d12f8a-7e39-4e2c-92d7-825d590ad15b	347ea7e2-fae1-4bfa-9f68-78f125b11dde	Plantae	Tracheophyta	Magnoliopsida	Malpighiales	Malpighiaceae	Barnebya	Barnebya harleyi		SPECIES	Barnebya harleyi W.R.Anderson & B.Gates	Barnebya harleyi	W.R. Anderson & B. Gates	BR	Locality not transcribed for catalog no: 1533132	Piauí	PRESENT		174c6da2-e002-42fe-9f56-2f9d670240f4									1986-05		5	1986	3984448	3984448	PRESERVED_SPECIMEN	MICH	Angiosperms	1533132	2926			CC_BY_NC_4_0		Niede Guidon			2025-04-02T00:14:48.644Z	StillImage	
3060562503	c8d12f8a-7e39-4e2c-92d7-825d590ad15b	3a4e40be-8704-488b-94cf-f98f94377d16	Plantae	Tracheophyta	Magnoliopsida	Malpighiales	Malpighiaceae	Barnebya	Barnebya harleyi		SPECIES	Barnebya harleyi W.R.Anderson & B.Gates	Barnebya harleyi	W.R. Anderson & B. Gates	BR	Locality not transcribed for catalog no: 1533129	Piauí	PRESENT		174c6da2-e002-42fe-9f56-2f9d670240f4									1983-05-14	14	5	1983	3984448	3984448	PRESERVED_SPECIMEN	MICH	Angiosperms	1533129	796			CC_BY_NC_4_0		Laure Emperaire			2025-04-02T00:14:54.120Z	StillImage	
2998696389	ebed4456-76d2-408c-8467-fd66be066521	3477347	Plantae	Tracheophyta	Magnoliopsida	Malpighiales	Malpighiaceae	Barnebya	Barnebya harleyi		SPECIES	Barnebya harleyi W.R.Anderson & B.Gates	Barnebya harleyi W.R.Anderson & B.Gates	W.R.Anderson & B.Gates	BR	Povoado de Duas Serras.	Bahia	PRESENT		838537fc-4aeb-4980-8b58-97fbdcd1d91a									1981-05-13	13	5	1981	3984448	3984448	PRESERVED_SPECIMEN	K	K	K001227955	436			CC_BY_4_0	K	H.P. Bautista			2025-02-07T00:07:36.090Z		CONTINENT_DERIVED_FROM_COUNTRY;IDENTIFIED_DATE_INVALID;INSTITUTION_MATCH_FUZZY;COLLECTION_MATCH_FUZZY
2998687340	ebed4456-76d2-408c-8467-fd66be066521	3477344	Plantae	Tracheophyta	Magnoliopsida	Malpighiales	Malpighiaceae	Barnebya	Barnebya harleyi		SPECIES	Barnebya harleyi W.R.Anderson & B.Gates	Barnebya harleyi W.R.Anderson & B.Gates	W.R.Anderson & B.Gates	BR	.Entre Bom Jesus da Lapa e Riacho de Santana, rodovia BA-430.	Bahia	PRESENT		838537fc-4aeb-4980-8b58-97fbdcd1d91a									2001-05-15	15	5	2001	3984448	3984448	PRESERVED_SPECIMEN	K	K	K001227952	728			CC_BY_4_0	K	M. Groppo			2025-02-07T00:07:33.580Z		CONTINENT_DERIVED_FROM_COUNTRY;IDENTIFIED_DATE_INVALID;INSTITUTION_MATCH_FUZZY;COLLECTION_MATCH_FUZZY
2998607897	9e54731f-ca52-4389-95cb-e4feedc7593e	3257765	Plantae	Tracheophyta	Magnoliopsida	Malpighiales	Malpighiaceae	Barnebya	Barnebya harleyi		SPECIES	Barnebya harleyi W.R.Anderson & B.Gates	Barnebya harleyi W.R.Anderson & B.Gates	W.R.Anderson & B.Gates	BR	Morro do Agenor.	Bahia	PRESENT		838537fc-4aeb-4980-8b58-97fbdcd1d91a	-1.271111	-3.97			280.0	0.0			1996-03-31	31	3	1996	3984448	3984448	PRESERVED_SPECIMEN	CEN	CEN	CEN00042391	1544			CC_BY_4_0	CEN	Efigênia de Melo			2025-04-01T12:17:30.221Z		COORDINATE_ROUNDED;GEODETIC_DATUM_ASSUMED_WGS84;COUNTRY_COORDINATE_MISMATCH;IDENTIFIED_DATE_INVALID;INSTITUTION_MATCH_FUZZY;INSTITUTION_COLLECTION_MISMATCH
2998365364	6cb1a437-f8a6-4bdc-a534-87cf2b710427	5376544	Plantae	Tracheophyta	Magnoliopsida	Malpighiales	Malpighiaceae	Barnebya	Barnebya harleyi		SPECIES	Barnebya harleyi W.R.Anderson & B.Gates	Barnebya harleyi W.R.Anderson & B.Gates	W.R.Anderson & B.Gates	BR	Rio Salitre.	Bahia	PRESENT		838537fc-4aeb-4980-8b58-97fbdcd1d91a					750.0				2008-05-23	23	5	2008	3984448	3984448	PRESERVED_SPECIMEN	HUEFS	HUEFS	HUEFS137589	5717			CC_BY_4_0	HUEFS	Melo, E.			2025-04-01T12:17:32.029Z		COORDINATE_OUT_OF_RANGE;COORDINATE_ROUNDED;CONTINENT_DERIVED_FROM_COUNTRY;IDENTIFIED_DATE_INVALID;INSTITUTION_MATCH_FUZZY;COLLECTION_MATCH_FUZZY
2998360198	6cb1a437-f8a6-4bdc-a534-87cf2b710427	5393218	Plantae	Tracheophyta	Magnoliopsida	Malpighiales	Malpighiaceae	Barnebya	Barnebya harleyi		SPECIES	Barnebya harleyi W.R.Anderson & B.Gates	Barnebya harleyi W.R.Anderson & B.Gates	W.R.Anderson & B.Gates	BR	Morro do Agenor	Bahia	PRESENT		838537fc-4aeb-4980-8b58-97fbdcd1d91a	-39.7	-127.166111			280.0				1996-03-31	31	3	1996	3984448	3984448	PRESERVED_SPECIMEN	HUEFS	HUEFS	HUEFS022656	1544			CC_BY_4_0	HUEFS	Melo, E.			2025-04-01T12:17:32.439Z		COORDINATE_ROUNDED;GEODETIC_DATUM_ASSUMED_WGS84;COUNTRY_COORDINATE_MISMATCH;PRESUMED_SWAPPED_COORDINATE;IDENTIFIED_DATE_INVALID;INSTITUTION_MATCH_FUZZY;COLLECTION_MATCH_FUZZY
2998340098	6cb1a437-f8a6-4bdc-a534-87cf2b710427	5371140	Plantae	Tracheophyta	Magnoliopsida	Malpighiales	Malpighiaceae	Barnebya	Barnebya harleyi		SPECIES	Barnebya harleyi W.R.Anderson & B.Gates	Barnebya harleyi W.R.Anderson & B.Gates	W.R.Anderson & B.Gates	BR	Estrada Palmeiras - Guiné.	Bahia	PRESENT		838537fc-4aeb-4980-8b58-97fbdcd1d91a					718.0				2006-04		4	2006	3984448	3984448	PRESERVED_SPECIMEN	HUEFS	HUEFS	HUEFS107486	298	W.R.Anderson		CC_BY_4_0	HUEFS	Carvalho, P.D.			2025-04-01T12:17:31.533Z		COORDINATE_OUT_OF_RANGE;COORDINATE_ROUNDED;CONTINENT_DERIVED_FROM_COUNTRY;RECORDED_DATE_INVALID;IDENTIFIED_DATE_INVALID;INSTITUTION_MATCH_FUZZY;COLLECTION_MATCH_FUZZY
2998331254	6cb1a437-f8a6-4bdc-a534-87cf2b710427	5394126	Plantae	Tracheophyta	Magnoliopsida	Malpighiales	Malpighiaceae	Barnebya	Barnebya harleyi		SPECIES	Barnebya harleyi W.R.Anderson & B.Gates	Barnebya harleyi W.R.Anderson & B.Gates	W.R.Anderson & B.Gates	BR	Morro do Agenor ou da madeira.	Bahia	PRESENT		838537fc-4aeb-4980-8b58-97fbdcd1d91a	-39.7	-127.166111			370.0	60.0			1996-05-26	26	5	1996	3984448	3984448	PRESERVED_SPECIMEN	HUEFS	HUEFS	HUEFS023069	1597	A.Amorim		CC_BY_4_0	HUEFS	Melo, E.			2025-04-01T12:17:33.202Z		COORDINATE_ROUNDED;GEODETIC_DATUM_ASSUMED_WGS84;COUNTRY_COORDINATE_MISMATCH;PRESUMED_SWAPPED_COORDINATE;IDENTIFIED_DATE_INVALID;INSTITUTION_MATCH_FUZZY;COLLECTION_MATCH_FUZZY
2998330532	6cb1a437-f8a6-4bdc-a534-87cf2b710427	5379664	Plantae	Tracheophyta	Magnoliopsida	Malpighiales	Malpighiaceae	Barnebya	Barnebya harleyi		SPECIES	Barnebya harleyi W.R.Anderson & B.Gates	Barnebya harleyi W.R.Anderson & B.Gates	W.R.Anderson & B.Gates	BR	Estrada de Palmeiras para Caeté-Açu.	Bahia	PRESENT		838537fc-4aeb-4980-8b58-97fbdcd1d91a	-12.573056	-41.5825			1074.0	0.0			2009-05-04	4	5	2009	3984448	3984448	PRESERVED_SPECIMEN	HUEFS	HUEFS	HUEFS156586	14568			CC_BY_4_0	HUEFS	Queiroz, L.P.de			2025-04-01T12:17:32.536Z		COORDINATE_ROUNDED;GEODETIC_DATUM_ASSUMED_WGS84;CONTINENT_DERIVED_FROM_COORDINATES;RECORDED_DATE_INVALID;IDENTIFIED_DATE_INVALID;INSTITUTION_MATCH_FUZZY;COLLECTION_MATCH_FUZZY
2998327208	6cb1a437-f8a6-4bdc-a534-87cf2b710427	5393188	Plantae	Tracheophyta	Magnoliopsida	Malpighiales	Malpighiaceae	Barnebya	Barnebya harleyi		SPECIES	Barnebya harleyi W.R.Anderson & B.Gates	Barnebya harleyi W.R.Anderson & B.Gates	W.R.Anderson & B.Gates	BR	Morro das Tocas.	Bahia	PRESENT		838537fc-4aeb-4980-8b58-97fbdcd1d91a	-39.7	-127.166111			330.0	30.0			1996-03-30	30	3	1996	3984448	3984448	PRESERVED_SPECIMEN	HUEFS	HUEFS	HUEFS022629	1518			CC_BY_4_0	HUEFS	Melo, E.			2025-04-01T12:17:32.554Z		COORDINATE_ROUNDED;GEODETIC_DATUM_ASSUMED_WGS84;COUNTRY_COORDINATE_MISMATCH;PRESUMED_SWAPPED_COORDINATE;IDENTIFIED_DATE_INVALID;INSTITUTION_MATCH_FUZZY;COLLECTION_MATCH_FUZZY
2998308125	6cb1a437-f8a6-4bdc-a534-87cf2b710427	5371453	Plantae	Tracheophyta	Magnoliopsida	Malpighiales	Malpighiaceae	Barnebya	Barnebya harleyi		SPECIES	Barnebya harleyi W.R.Anderson & B.Gates	Barnebya harleyi W.R.Anderson & B.Gates	W.R.Anderson & B.Gates	BR	Morro da Pedra Grande. Base do Morro.	Bahia	PRESENT		838537fc-4aeb-4980-8b58-97fbdcd1d91a					285.0				2006-04-08	8	4	2006	3984448	3984448	PRESERVED_SPECIMEN	HUEFS	HUEFS	HUEFS109248	4343	P.D.Carvalho		CC_BY_4_0	HUEFS	Melo, E.			2025-04-01T12:17:31.148Z		COORDINATE_OUT_OF_RANGE;COORDINATE_ROUNDED;CONTINENT_DERIVED_FROM_COUNTRY;RECORDED_DATE_INVALID;IDENTIFIED_DATE_INVALID;INSTITUTION_MATCH_FUZZY;COLLECTION_MATCH_FUZZY
2998234486	ebed4456-76d2-408c-8467-fd66be066521	1248518	Plantae	Tracheophyta	Magnoliopsida	Malpighiales	Malpighiaceae	Barnebya	Barnebya harleyi		SPECIES	Barnebya harleyi W.R.Anderson & B.Gates	Barnebya harleyi W.R.Anderson & B.Gates	W.R.Anderson & B.Gates	BR	Serra do Curral Feio  3 km. N.W. of Lagoinha (5.5 km. S.W. of Delfino) on the side road to Minas do Mimoso.		PRESENT		838537fc-4aeb-4980-8b58-97fbdcd1d91a	-10.45	-41.27			640.0				1974-03-05	5	3	1974	3984448	3984448	PRESERVED_SPECIMEN	K	K	K000427477	16750			CC_BY_4_0	K	Renvoize, S.A.;Erskine, C.M.,Pinheiro, R.,Harley, R.M.,Brighton, C.A.	Isotype		2025-02-07T00:07:28.725Z		COORDINATE_ROUNDED;GEODETIC_DATUM_ASSUMED_WGS84;CONTINENT_DERIVED_FROM_COORDINATES;RECORDED_DATE_INVALID;IDENTIFIED_DATE_INVALID;INSTITUTION_MATCH_FUZZY;COLLECTION_MATCH_FUZZY
2998230553	ebed4456-76d2-408c-8467-fd66be066521	1248517	Plantae	Tracheophyta	Magnoliopsida	Malpighiales	Malpighiaceae	Barnebya	Barnebya harleyi		SPECIES	Barnebya harleyi W.R.Anderson & B.Gates	Barnebya harleyi W.R.Anderson & B.Gates	W.R.Anderson & B.Gates	BR	Serra do Curral Feio  3 km. N.W. of Lagoinha (5.5 km. S.W. of Delfino) on the side road to Minas do Mimoso.		PRESENT		838537fc-4aeb-4980-8b58-97fbdcd1d91a	-10.45	-41.27			640.0				1974-03-05	5	3	1974	3984448	3984448	PRESERVED_SPECIMEN	K	K	K000427476	16750			CC_BY_4_0	K	Renvoize, S.A.;Erskine, C.M.,Pinheiro, R.,Harley, R.M.,Brighton, C.A.	Isotype		2025-02-07T00:07:30.446Z		COORDINATE_ROUNDED;GEODETIC_DATUM_ASSUMED_WGS84;CONTINENT_DERIVED_FROM_COORDINATES;RECORDED_DATE_INVALID;IDENTIFIED_DATE_INVALID;INSTITUTION_MATCH_FUZZY;COLLECTION_MATCH_FUZZY
2998220901	6cb1a437-f8a6-4bdc-a534-87cf2b710427	5407488	Plantae	Tracheophyta	Magnoliopsida	Malpighiales	Malpighiaceae	Barnebya	Barnebya harleyi		SPECIES	Barnebya harleyi W.R.Anderson & B.Gates	Barnebya harleyi W.R.Anderson & B.Gates	W.R.Anderson & B.Gates	BR	Caminho para Conceição dos Gados.	Bahia	PRESENT		838537fc-4aeb-4980-8b58-97fbdcd1d91a	-12.583333	-41.583333							2003-03-21	21	3	2003	3984448	3984448	PRESERVED_SPECIMEN	HUEFS	HUEFS	HUEFS078523	3584	P.D.Carvalho		CC_BY_4_0	HUEFS	Melo, E.			2025-04-01T12:17:32.849Z		COORDINATE_ROUNDED;GEODETIC_DATUM_ASSUMED_WGS84;CONTINENT_DERIVED_FROM_COORDINATES;IDENTIFIED_DATE_INVALID;INSTITUTION_MATCH_FUZZY;COLLECTION_MATCH_FUZZY
2998220628	6cb1a437-f8a6-4bdc-a534-87cf2b710427	5402069	Plantae	Tracheophyta	Magnoliopsida	Malpighiales	Malpighiaceae	Barnebya	Barnebya harleyi		SPECIES	Barnebya harleyi W.R.Anderson & B.Gates	Barnebya harleyi W.R.Anderson & B.Gates	W.R.Anderson & B.Gates	BR	Fazenda Xingó, perto de Xingozinho, 3 Km da divisa com a Bahia.	Sergipe	PRESENT		838537fc-4aeb-4980-8b58-97fbdcd1d91a									2001-04-25	25	4	2001	3984448	3984448	PRESERVED_SPECIMEN	HUEFS	HUEFS	HUEFS052986	54284	R.M.Harley		CC_BY_4_0	HUEFS	Harley, R.M.			2025-04-01T12:17:32.712Z		COORDINATE_OUT_OF_RANGE;COORDINATE_ROUNDED;CONTINENT_DERIVED_FROM_COUNTRY;IDENTIFIED_DATE_INVALID;INSTITUTION_MATCH_FUZZY;COLLECTION_MATCH_FUZZY
2998194253	6cb1a437-f8a6-4bdc-a534-87cf2b710427	5394467	Plantae	Tracheophyta	Magnoliopsida	Malpighiales	Malpighiaceae	Barnebya	Barnebya harleyi		SPECIES	Barnebya harleyi W.R.Anderson & B.Gates	Barnebya harleyi W.R.Anderson & B.Gates	W.R.Anderson & B.Gates	BR	Chapada Diamantina, Cachoeira Domingos Lopes.	Bahia	PRESENT		838537fc-4aeb-4980-8b58-97fbdcd1d91a					660.0				2017-04-13	13	4	2017	3984448	3984448	PRESERVED_SPECIMEN	HUEFS	HUEFS	HUEFS232195	13446			CC_BY_4_0	HUEFS	Melo, E.			2025-04-01T12:17:32.172Z		COORDINATE_OUT_OF_RANGE;COORDINATE_ROUNDED;CONTINENT_DERIVED_FROM_COUNTRY;IDENTIFIED_DATE_INVALID;INSTITUTION_MATCH_FUZZY;COLLECTION_MATCH_FUZZY
2998157059	6cb1a437-f8a6-4bdc-a534-87cf2b710427	5370261	Plantae	Tracheophyta	Magnoliopsida	Malpighiales	Malpighiaceae	Barnebya	Barnebya harleyi		SPECIES	Barnebya harleyi W.R.Anderson & B.Gates	Barnebya harleyi W.R.Anderson & B.Gates	W.R.Anderson & B.Gates	BR		Bahia	PRESENT		838537fc-4aeb-4980-8b58-97fbdcd1d91a									1989-05-23	23	5	1989	3984448	3984448	PRESERVED_SPECIMEN	HUEFS	HUEFS	HUEFS010305	2850	W.R.Anderson		CC_BY_4_0	HUEFS	Mattos-Silva, L.A.			2025-04-01T12:17:31.788Z		CONTINENT_DERIVED_FROM_COUNTRY;IDENTIFIED_DATE_INVALID;INSTITUTION_MATCH_FUZZY;COLLECTION_MATCH_FUZZY
2998101622	6cb1a437-f8a6-4bdc-a534-87cf2b710427	3322327	Plantae	Tracheophyta	Magnoliopsida	Malpighiales	Malpighiaceae	Barnebya	Barnebya harleyi		SPECIES	Barnebya harleyi W.R.Anderson & B.Gates	Barnebya harleyi W.R.Anderson & B.Gates	W.R.Anderson & B.Gates	BR	Base I, Biodiversitas - entrada da Gruta do Minadouro	Bahia	PRESENT		838537fc-4aeb-4980-8b58-97fbdcd1d91a					388.0				2003-05-22	22	5	2003	3984448	3984448	PRESERVED_SPECIMEN	HUEFS	HUEFS	HUEFS072856	167			CC_BY_4_0	HUEFS	Oliveira, A.A.de			2025-04-01T12:17:23.836Z		COORDINATE_OUT_OF_RANGE;COORDINATE_ROUNDED;CONTINENT_DERIVED_FROM_COUNTRY;IDENTIFIED_DATE_INVALID;INSTITUTION_MATCH_FUZZY;COLLECTION_MATCH_FUZZY
2998098442	6cb1a437-f8a6-4bdc-a534-87cf2b710427	3062098	Plantae	Tracheophyta	Magnoliopsida	Malpighiales	Malpighiaceae	Barnebya	Barnebya harleyi		SPECIES	Barnebya harleyi W.R.Anderson & B.Gates	Barnebya harleyi W.R.Anderson & B.Gates	W.R.Anderson & B.Gates	BR	3 km N.W. of Lagoinha (5.5 km S.W. of Delfino), on the side road to Minas do Mimoso.	Bahia	PRESENT		838537fc-4aeb-4980-8b58-97fbdcd1d91a					640.0				1974-03-05	5	3	1974	3984448	3984448	PRESERVED_SPECIMEN	HUEFS	HUEFS	HUEFS031498	16750	R.M.Harley	1974-01-01T00:00:00	CC_BY_4_0	HUEFS	Harley, R.M.	Isotype		2025-04-01T12:17:25.439Z		COORDINATE_OUT_OF_RANGE;COORDINATE_ROUNDED;CONTINENT_DERIVED_FROM_COUNTRY;RECORDED_DATE_INVALID;INSTITUTION_MATCH_FUZZY;COLLECTION_MATCH_FUZZY
2997704497	f5d836d5-cb15-4178-8f57-68ef1d6551e9	5321373	Plantae	Tracheophyta	Magnoliopsida	Malpighiales	Malpighiaceae	Barnebya	Barnebya harleyi		SPECIES	Barnebya harleyi W.R.Anderson & B.Gates	Barnebya harleyi W.R.Anderson & B.Gates	W.R.Anderson & B.Gates	BR	No povoado de Duas Serras. Floresta Estacional Decidual.	Bahia	PRESENT		838537fc-4aeb-4980-8b58-97fbdcd1d91a	0.0	0.0							1981-05-13	13	5	1981	3984448	3984448	PRESERVED_SPECIMEN	SPF	SPF	SPF00061069	436	Mamede, MCH		CC_BY_4_0	SPF	Bautista, HP			2025-04-01T12:18:07.465Z		ZERO_COORDINATE;GEODETIC_DATUM_ASSUMED_WGS84;COUNTRY_COORDINATE_MISMATCH;IDENTIFIED_DATE_INVALID;INSTITUTION_MATCH_FUZZY;COLLECTION_MATCH_FUZZY
2997667176	f5d836d5-cb15-4178-8f57-68ef1d6551e9	5315846	Plantae	Tracheophyta	Magnoliopsida	Malpighiales	Malpighiaceae	Barnebya	Barnebya harleyi		SPECIES	Barnebya harleyi W.R.Anderson & B.Gates	Barnebya harleyi W.R.Anderson & B.Gates	W.R.Anderson & B.Gates	BR	Médio São Francisco, Estrada para Ibotirama - torre de alta tensão. Caatinga arbórea. Mata seca.	Bahia	PRESENT		838537fc-4aeb-4980-8b58-97fbdcd1d91a	-12.462222	-43.111389							2003-04-30	30	4	2003	3984448	3984448	PRESERVED_SPECIMEN	SPF	SPF	SPF00160664	10372	Carvalho, PD		CC_BY_4_0	SPF	Guedes, ML;Guedes, MLS			2025-04-01T12:18:04.778Z		COORDINATE_ROUNDED;GEODETIC_DATUM_ASSUMED_WGS84;CONTINENT_DERIVED_FROM_COORDINATES;IDENTIFIED_DATE_INVALID;INSTITUTION_MATCH_FUZZY;COLLECTION_MATCH_FUZZY
2997664169	f5d836d5-cb15-4178-8f57-68ef1d6551e9	5315131	Plantae	Tracheophyta	Magnoliopsida	Malpighiales	Malpighiaceae	Barnebya	Barnebya harleyi		SPECIES	Barnebya harleyi W.R.Anderson & B.Gates	Barnebya harleyi W.R.Anderson & B.Gates	W.R.Anderson & B.Gates	BR	E Riacho de Santana, rod. BA 430. Base de afloramento rochoso e arredores, coleta de Ficus.	Bahia	PRESENT		838537fc-4aeb-4980-8b58-97fbdcd1d91a	-13.292222	-43.053056			267.5	267.5			2001-05-15	15	5	2001	3984448	3984448	PRESERVED_SPECIMEN	SPF	SPF	SPF00149068	728	Mamede, MCH	2002-01-01T00:00:00	CC_BY_4_0	SPF	Groppo, M			2025-04-01T12:18:06.332Z		COORDINATE_ROUNDED;GEODETIC_DATUM_ASSUMED_WGS84;CONTINENT_DERIVED_FROM_COORDINATES;ELEVATION_MIN_MAX_SWAPPED;INSTITUTION_MATCH_FUZZY;COLLECTION_MATCH_FUZZY
2997251746	c71c8000-9fc7-422c-804a-ce6abe751771	2519435	Plantae	Tracheophyta	Magnoliopsida	Malpighiales	Malpighiaceae	Barnebya	Barnebya harleyi		SPECIES	Barnebya harleyi W.R.Anderson & B.Gates	Barnebya harleyi Anderson & Gates	Anderson & Gates	BR	3Km ao NW de Lagoinha (5.5Km ao SW Delfino), Rod. p/ Minas do Mimoso.	Bahia	PRESENT		838537fc-4aeb-4980-8b58-97fbdcd1d91a					640.0				1974-03-05	5	3	1974	3984448	3984448	PRESERVED_SPECIMEN	CEPEC	CEPEC	CEPEC00032859	16750	B. Gates		CC_BY_4_0	CEPEC	R. M. Harley	Holotype		2025-04-01T12:10:23.984Z		CONTINENT_DERIVED_FROM_COUNTRY;RECORDED_DATE_INVALID;IDENTIFIED_DATE_INVALID;INSTITUTION_MATCH_FUZZY;COLLECTION_MATCH_FUZZY
2997215367	c71c8000-9fc7-422c-804a-ce6abe751771	4555583	Plantae	Tracheophyta	Magnoliopsida	Malpighiales	Malpighiaceae	Barnebya	Barnebya harleyi		SPECIES	Barnebya harleyi W.R.Anderson & B.Gates	Barnebya harleyi Anderson & Gates	Anderson & Gates	BR	3Km ao NW de Lagoinha (5.5Km ao SW de Delfino), Rod. p/ Minas do Mimoso.	Bahia	PRESENT		838537fc-4aeb-4980-8b58-97fbdcd1d91a					640.0				1974-03-05	5	3	1974	3984448	3984448	PRESERVED_SPECIMEN	CEPEC	CEPEC	CEPEC00075347	16750	W. R. Anderson		CC_BY_4_0	CEPEC	R. M. Harley	Isotype		2025-04-01T12:10:10.989Z		CONTINENT_DERIVED_FROM_COUNTRY;RECORDED_DATE_INVALID;IDENTIFIED_DATE_INVALID;INSTITUTION_MATCH_FUZZY;COLLECTION_MATCH_FUZZY
2996620664	5c9a924c-8d45-4452-8604-415a118578aa	5070811	Plantae	Tracheophyta	Magnoliopsida	Malpighiales	Malpighiaceae	Barnebya	Barnebya harleyi		SPECIES	Barnebya harleyi W.R.Anderson & B.Gates	Barnebya harleyi W.R.Anderson & B.Gates	W.R.Anderson & B.Gates	BR	3 km NW of Lagoinha (5.5 km SW of Delfino) on the side road to Minas do Mimoso.	Bahia	PRESENT		838537fc-4aeb-4980-8b58-97fbdcd1d91a	-10.45	-41.266667			640.0				1974-03-05	5	3	1974	3984448	3984448	PRESERVED_SPECIMEN	MBM	MBM	MBM216581	16750			CC_BY_4_0	MBM	Harley, RM , R;Pinheiro,Renvoize, SA,Brighton, CA,Erskine, CM	Isotype		2025-04-01T12:20:30.031Z		COORDINATE_ROUNDED;GEODETIC_DATUM_ASSUMED_WGS84;CONTINENT_DERIVED_FROM_COORDINATES;RECORDED_DATE_INVALID;IDENTIFIED_DATE_INVALID;INSTITUTION_MATCH_FUZZY;COLLECTION_MATCH_FUZZY
2996380399	143fd714-b939-4cf7-a078-acdde353a914	4959628	Plantae	Tracheophyta	Magnoliopsida	Malpighiales	Malpighiaceae	Barnebya	Barnebya harleyi		SPECIES	Barnebya harleyi W.R.Anderson & B.Gates	Barnebya harleyi W.R.Anderson & B.Gates	W.R.Anderson & B.Gates	BR		Bahia	PRESENT		838537fc-4aeb-4980-8b58-97fbdcd1d91a									1989-05-23	23	5	1989	3984448	3984448	PRESERVED_SPECIMEN	MBML	MBML	MBML006694	2850	W. R. Anderson		CC_BY_4_0	MBML	L. A. Mattos Silva;et al			2025-04-03T11:41:52.736Z		CONTINENT_DERIVED_FROM_COUNTRY;IDENTIFIED_DATE_INVALID;INSTITUTION_MATCH_FUZZY;COLLECTION_MATCH_FUZZY
2996051392	67f33aea-2c4b-475b-b243-91ca1b9dd29a	4007271	Plantae	Tracheophyta	Magnoliopsida	Malpighiales	Malpighiaceae	Barnebya	Barnebya harleyi		SPECIES	Barnebya harleyi W.R.Anderson & B.Gates	Barnebya harleyi W.R.Anderson & B.Gates	W.R.Anderson & B.Gates	BR	Noroeste, Assentamento Vila Canaã	Bahia	PRESENT		838537fc-4aeb-4980-8b58-97fbdcd1d91a	-10.476111	-38.973611							2004-04-13	13	4	2004	3984448	3984448	PRESERVED_SPECIMEN	ALCB	ALCB	ALCB039365	11155	Anjos, BA dos		CC_BY_4_0	ALCB	Guedes, ML;Anjos, BA dos			2025-04-01T12:06:14.277Z	StillImage	COORDINATE_ROUNDED;GEODETIC_DATUM_ASSUMED_WGS84;CONTINENT_DERIVED_FROM_COORDINATES;IDENTIFIED_DATE_INVALID;INSTITUTION_MATCH_FUZZY;COLLECTION_MATCH_FUZZY
2996051387	67f33aea-2c4b-475b-b243-91ca1b9dd29a	4007273	Plantae	Tracheophyta	Magnoliopsida	Malpighiales	Malpighiaceae	Barnebya	Barnebya harleyi		SPECIES	Barnebya harleyi W.R.Anderson & B.Gates	Barnebya harleyi W.R.Anderson & B.Gates	W.R.Anderson & B.Gates	BR	Fazenda Xingó, proximo de Xingozinho, 3 Km da divisa com a Bahia	Sergipe	PRESENT		838537fc-4aeb-4980-8b58-97fbdcd1d91a	-9.563333	-38.0175							2001-04-25	25	4	2001	3984448	3984448	PRESERVED_SPECIMEN	ALCB	ALCB	ALCB039367	54284	Harley, RM		CC_BY_4_0	ALCB	Harley, RM;Queiroz, LP de,Silva, BM,Carneiro, AS,Andrade, BS de			2025-04-01T12:06:14.271Z	StillImage	COORDINATE_ROUNDED;GEODETIC_DATUM_ASSUMED_WGS84;CONTINENT_DERIVED_FROM_COORDINATES;IDENTIFIED_DATE_INVALID;INSTITUTION_MATCH_FUZZY;COLLECTION_MATCH_FUZZY
2996042225	67f33aea-2c4b-475b-b243-91ca1b9dd29a	2704268	Plantae	Tracheophyta	Magnoliopsida	Malpighiales	Malpighiaceae	Barnebya	Barnebya harleyi		SPECIES	Barnebya harleyi W.R.Anderson & B.Gates	Barnebya harleyi W.R.Anderson & B.Gates	W.R.Anderson & B.Gates	BR	Piemonte da Diamantina, 3 Km NW of Lagoinha (5,5 Km of Delfino) on the side road to Minas do Mimoso. Cut over woodland, and by cultivation near river	Bahia	PRESENT		838537fc-4aeb-4980-8b58-97fbdcd1d91a	-10.333333	-41.333333			320.0	320.0			1974-05-05	5	5	1974	3984448	3984448	PRESERVED_SPECIMEN	ALCB	ALCB	ALCB000102	16750	Anderson, WR; Gotes		CC_BY_4_0	ALCB	Harley, RM	Isotype		2025-04-01T12:06:11.775Z	StillImage	COORDINATE_ROUNDED;GEODETIC_DATUM_ASSUMED_WGS84;CONTINENT_DERIVED_FROM_COORDINATES;ELEVATION_MIN_MAX_SWAPPED;IDENTIFIED_DATE_INVALID;INSTITUTION_MATCH_FUZZY;COLLECTION_MATCH_FUZZY
2995795741	ba06a193-82fc-425b-a7e5-f3df809fe378	2900774	Plantae	Tracheophyta	Magnoliopsida	Malpighiales	Malpighiaceae	Barnebya	Barnebya harleyi		SPECIES	Barnebya harleyi W.R.Anderson & B.Gates	Barnebya harleyi And. et. Gat.	And. et. Gat.	BR	Morro do Agenor, Na base do inselberg: 280m de altitude.	Bahia	PRESENT		838537fc-4aeb-4980-8b58-97fbdcd1d91a	-12.0	-39.0							1996-03-31	31	3	1996	3984448	3984448	PRESERVED_SPECIMEN	ASE	ASE	ASE0017601	1544			CC_BY_4_0	ASE	E. Melo;C. Correia,F. França,R. Ribeiro			2025-04-01T12:02:33.624Z		GEODETIC_DATUM_ASSUMED_WGS84;CONTINENT_DERIVED_FROM_COORDINATES;IDENTIFIED_DATE_INVALID;INSTITUTION_MATCH_FUZZY;COLLECTION_MATCH_FUZZY
2995795737	ba06a193-82fc-425b-a7e5-f3df809fe378	2900773	Plantae	Tracheophyta	Magnoliopsida	Malpighiales	Malpighiaceae	Barnebya	Barnebya harleyi		SPECIES	Barnebya harleyi W.R.Anderson & B.Gates	Barnebya harleyi And. et. Gat.	And. et. Gat.	BR	Morro das Tocas, Na base do inselberg: 300 - 360m de altitude.	Bahia	PRESENT		838537fc-4aeb-4980-8b58-97fbdcd1d91a	-12.0	-39.0							1996-03-30	30	3	1996	3984448	3984448	PRESERVED_SPECIMEN	ASE	ASE	ASE0017595	1518			CC_BY_4_0	ASE	E. Melo;C. Correia,R. Ribeiro,Nascimento, N			2025-04-01T12:02:33.619Z		GEODETIC_DATUM_ASSUMED_WGS84;CONTINENT_DERIVED_FROM_COORDINATES;IDENTIFIED_DATE_INVALID;INSTITUTION_MATCH_FUZZY;COLLECTION_MATCH_FUZZY
2575906606	121275a3-dcce-44f4-9868-37326e9f64ef	https://specieslink.net/guid/268/47244	Plantae	Tracheophyta	Magnoliopsida	Malpighiales	Malpighiaceae	Barnebya	Barnebya harleyi		SPECIES	Barnebya harleyi W.R.Anderson & B.Gates	Barnebya harleyi	W.R.Anderson & B.Gates	BR	Fazenda Xingó, perto de Xingozinho, 3 km da divisa com a Bahia.	Sergipe	PRESENT		d254f613-d4dd-4553-9fe3-b9485ca28371	-9.563333	-38.0175							2001-04-25	25	4	2001	3984448	3984448	PRESERVED_SPECIMEN	UFSC	FLOR	47244	54284	Harley, R.M.	2001-05-01T00:00:00	CC_BY_4_0	Herbário do Departamento de Botânica da Universidade Federal de Santa Catarina	Harley, R.M.; Queiroz, L.P. de; Andrade, B.S.; Carneiro, A.S. & Silva, B.M.		native	2025-03-20T22:48:26.128Z		COORDINATE_ROUNDED;CONTINENT_DERIVED_FROM_COORDINATES;INSTITUTION_MATCH_NONE
2564842904	7741a517-ab3d-4b85-ae58-56322e44c8ce	https://specieslink.net/guid/2/127261	Plantae	Tracheophyta	Magnoliopsida	Malpighiales	Malpighiaceae	Barnebya	Barnebya harleyi		SPECIES	Barnebya harleyi W.R.Anderson & B.Gates	Barnebya harleyi	W.R.Anderson & B.Gates	BR	Estrada para Inhuma	Piauí	PRESENT		d073b448-6b80-4364-8c38-18d08b88797f									2002-05-08	8	5	2002	3984448	3984448	PRESERVED_SPECIMEN	UNICAMP	UEC	127261	548			CC_BY_4_0	Herbário da Universidade Estadual de Campinas	Mendes, MRA; Farias, RRS; Albino, RS		native	2025-03-29T18:31:18.893Z		CONTINENT_DERIVED_FROM_COUNTRY;INSTITUTION_MATCH_NONE
2549197149	4300f8d5-1ae5-49e5-a101-63894b005868	urn:catalog:JBRJ:RB:1425104	Plantae	Tracheophyta	Magnoliopsida	Malpighiales	Malpighiaceae	Barnebya	Barnebya harleyi		SPECIES	Barnebya harleyi W.R.Anderson & B.Gates	Barnebya harleyi W.R.Anderson & B.Gates	W.R.Anderson & B.Gates	BR	Serra do Pico.	Pernambuco	PRESENT		838537fc-4aeb-4980-8b58-97fbdcd1d91a	-8.347222	-38.334722							2019-04-25	25	4	2019	3984448	3984448	PRESERVED_SPECIMEN	JBRJ	RB	RB01425104	10641	A.P. Fontana	2019-04-25T00:00:00	CC_BY_4_0	Rio de Janeiro Botanical Garden	A.P Fontana; P.R.A. de Souza			2025-04-01T12:38:07.566Z	StillImage	COORDINATE_ROUNDED;GEODETIC_DATUM_ASSUMED_WGS84;CONTINENT_DERIVED_FROM_COORDINATES;INSTITUTION_MATCH_FUZZY;COLLECTION_MATCH_FUZZY
2464823396	76823beb-2f33-47a6-96a1-ccd2df47ac28	https://specieslink.net/guid/164/7603	Plantae	Tracheophyta	Magnoliopsida	Malpighiales	Malpighiaceae	Barnebya	Barnebya harleyi		SPECIES	Barnebya harleyi W.R.Anderson & B.Gates	Barnebya harleyi	And. et. Gat.	BR	Morro das Tocas, Na base do inselberg: 300 - 360m de altitude.	Bahia	PRESENT		9243118c-e750-412b-91f4-ac987666eee1	-12.0	-39.0							1996-03-30	30	3	1996	3984448	3984448	PRESERVED_SPECIMEN	UFS	ASE	7603	1518			CC_BY_4_0	Herbário da Universidade Federal de Sergipe	E. Melo; C. Correia; R. Ribeiro; Nascimento, N		native	2025-04-04T06:25:41.268Z		INSTITUTION_MATCH_FUZZY;INSTITUTION_COLLECTION_MISMATCH;DIFFERENT_OWNER_INSTITUTION
2464822621	76823beb-2f33-47a6-96a1-ccd2df47ac28	https://specieslink.net/guid/164/7612	Plantae	Tracheophyta	Magnoliopsida	Malpighiales	Malpighiaceae	Barnebya	Barnebya harleyi		SPECIES	Barnebya harleyi W.R.Anderson & B.Gates	Barnebya harleyi	And. et. Gat.	BR	Morro do Agenor, Na base do inselberg: 280m de altitude.	Bahia	PRESENT		9243118c-e750-412b-91f4-ac987666eee1	-12.0	-39.0							1996-03-31	31	3	1996	3984448	3984448	PRESERVED_SPECIMEN	UFS	ASE	7612	1544			CC_BY_4_0	Herbário da Universidade Federal de Sergipe	E. Melo; F. França; C. Correia; R. Ribeiro		native	2025-04-04T06:25:41.274Z		INSTITUTION_MATCH_FUZZY;INSTITUTION_COLLECTION_MISMATCH;DIFFERENT_OWNER_INSTITUTION
2452941441	17efa320-7312-4b55-bf0a-a4cfc4613169	https://specieslink.net/guid/1/476096	Plantae	Tracheophyta	Magnoliopsida	Malpighiales	Malpighiaceae	Barnebya	Barnebya harleyi		SPECIES	Barnebya harleyi W.R.Anderson & B.Gates	Barnebya harleyi	W.R.Anderson	BR		Ceará	PRESENT		2437c128-bf8c-4f53-b668-da95fb2e40b7									1980-03-14	14	3	1980	3984448	3984448	PRESERVED_SPECIMEN	IPA/SP	SP	476096	127	Mamede, MCH	2016-05-01T00:00:00	CC_BY_4_0	Herbário do Estado Maria Eneyda P. Kaufmann Fidalgo - Coleção de Plantas Vasculares	Salgado, OA		native	2025-04-04T06:34:02.148Z		CONTINENT_DERIVED_FROM_COUNTRY;INSTITUTION_MATCH_NONE
2452914656	17efa320-7312-4b55-bf0a-a4cfc4613169	https://specieslink.net/guid/1/357998	Plantae	Tracheophyta	Magnoliopsida	Malpighiales	Malpighiaceae	Barnebya	Barnebya harleyi		SPECIES	Barnebya harleyi W.R.Anderson & B.Gates	Barnebya harleyi	W.R.Anderson	BR	Entre Bom Jesus da Lapa e Riacho de Santana, rodovia BA-430	Bahia	PRESENT		2437c128-bf8c-4f53-b668-da95fb2e40b7	-13.489167	-43.091944			535.0	0.0			2001-05-15	15	5	2001	3984448	3984448	PRESERVED_SPECIMEN	IPA/SP	SP	357998	728	Mamede, MCH	2002-01-01T00:00:00	CC_BY_4_0	Herbário do Estado Maria Eneyda P. Kaufmann Fidalgo - Coleção de Plantas Vasculares	Groppo Jr, M; Marcato, AC; Soffiatti, P		native	2025-04-04T06:33:56.196Z		CONTINENT_DERIVED_FROM_COORDINATES;INSTITUTION_MATCH_NONE
2452897747	17efa320-7312-4b55-bf0a-a4cfc4613169	https://specieslink.net/guid/1/330293	Plantae	Tracheophyta	Magnoliopsida	Malpighiales	Malpighiaceae	Barnebya	Barnebya harleyi		SPECIES	Barnebya harleyi W.R.Anderson & B.Gates	Barnebya harleyi	W.R.Anderson	BR	Caminho para o Breu	Pernambuco	PRESENT		2437c128-bf8c-4f53-b668-da95fb2e40b7	-8.6175	-37.154167			799.0	0.0			1996-04-12	12	4	1996	3984448	3984448	PRESERVED_SPECIMEN	IPA/SP	SP	330293	690	Mamede, MCH	1999-01-01T00:00:00	CC_BY_4_0	Herbário do Estado Maria Eneyda P. Kaufmann Fidalgo - Coleção de Plantas Vasculares	Rodal, MJN; Gomes, APS		native	2025-04-04T06:33:54.547Z		CONTINENT_DERIVED_FROM_COORDINATES;INSTITUTION_MATCH_NONE
2452819018	17efa320-7312-4b55-bf0a-a4cfc4613169	https://specieslink.net/guid/1/192808	Plantae	Tracheophyta	Magnoliopsida	Malpighiales	Malpighiaceae	Barnebya	Barnebya harleyi		SPECIES	Barnebya harleyi W.R.Anderson & B.Gates	Barnebya harleyi	W.R.Anderson	BR		Bahia	PRESENT		2437c128-bf8c-4f53-b668-da95fb2e40b7									1982-05-27	27	5	1982	3984448	3984448	PRESERVED_SPECIMEN	IPA/SP	SP	192808	703	Amorim, AM	1999-01-01T00:00:00	CC_BY_4_0	Herbário do Estado Maria Eneyda P. Kaufmann Fidalgo - Coleção de Plantas Vasculares	Silva, JS		native	2025-04-04T06:33:49.158Z		CONTINENT_DERIVED_FROM_COUNTRY;INSTITUTION_MATCH_NONE
2452801376	17efa320-7312-4b55-bf0a-a4cfc4613169	https://specieslink.net/guid/1/153584	Plantae	Tracheophyta	Magnoliopsida	Malpighiales	Malpighiaceae	Barnebya	Barnebya harleyi		SPECIES	Barnebya harleyi W.R.Anderson & B.Gates	Barnebya harleyi	W.R.Anderson	BR	Ca. 12 km de jeremoabo	Bahia	PRESENT		2437c128-bf8c-4f53-b668-da95fb2e40b7	-10.0	-38.15							1978-05-22	22	5	1978	3984448	3984448	PRESERVED_SPECIMEN	IPA/SP	SP	153584	609	Amorim, AM	1999-01-01T00:00:00	CC_BY_4_0	Herbário do Estado Maria Eneyda P. Kaufmann Fidalgo - Coleção de Plantas Vasculares	Silva, JS		native	2025-04-04T06:33:48.305Z		CONTINENT_DERIVED_FROM_COORDINATES;INSTITUTION_MATCH_NONE
2452738635	b3769e61-c3d0-4046-81cf-bf4d6b23b444	https://specieslink.net/guid/150/14267	Plantae	Tracheophyta	Magnoliopsida	Malpighiales	Malpighiaceae	Barnebya	Barnebya harleyi		SPECIES	Barnebya harleyi W.R.Anderson & B.Gates	Barnebya harleyi	W.R.Anderson & B.Gates	BR	estrada Palmeiras-Guiné	Bahia	PRESENT		06542f02-868b-4651-aed4-1ae6b2eb4eb7	-12.5425	-41.575556			718.0	0.0			2006-04		4	2006	3984448	3984448	PRESERVED_SPECIMEN	UFRPE	HST	14267	298	P.D.Carvalho	2006-07-01T00:00:00	CC_BY_4_0	Herbário Sérgio Tavares	P.D.Carvalho; A.A.Conceição		native	2025-03-28T04:34:49.194Z		CONTINENT_DERIVED_FROM_COORDINATES;INSTITUTION_MATCH_NONE
2451448518	4300f8d5-1ae5-49e5-a101-63894b005868	urn:catalog:JBRJ:RB:1423203	Plantae	Tracheophyta	Magnoliopsida	Malpighiales	Malpighiaceae	Barnebya	Barnebya harleyi		SPECIES	Barnebya harleyi W.R.Anderson & B.Gates	Barnebya harleyi W.R.Anderson & B.Gates	W.R.Anderson & B.Gates	BR	Serra do Piriquito.	Pernambuco	PRESENT		838537fc-4aeb-4980-8b58-97fbdcd1d91a	-8.606389	-37.888333							2019-05-30	30	5	2019	3984448	3984448	PRESERVED_SPECIMEN	JBRJ	RB	RB01423203	599	D.P. Souza	2019-05-30T00:00:00	CC_BY_4_0	Rio de Janeiro Botanical Garden	D.P. Souza; J.R. Silva			2025-04-01T12:38:07.313Z	StillImage	COORDINATE_ROUNDED;GEODETIC_DATUM_ASSUMED_WGS84;CONTINENT_DERIVED_FROM_COORDINATES;INSTITUTION_MATCH_FUZZY;COLLECTION_MATCH_FUZZY
2449425081	2e684fd6-09e2-4661-910a-0a188b610c04	https://specieslink.net/guid/204/238327	Plantae	Tracheophyta	Magnoliopsida	Malpighiales	Malpighiaceae	Barnebya	Barnebya harleyi		SPECIES	Barnebya harleyi W.R.Anderson & B.Gates	Barnebya harleyi	W.R.Anderson & B.Gates	BR	Serra das Umburanas	Pernambuco	PRESENT		60545be9-4f28-4245-b4b4-07635c8dfa54	-8.4025	-37.616944			721.0	0.0			2019-05-30	30	5	2019	3984448	3984448	PRESERVED_SPECIMEN	UEFS	HUEFS	238327	322	A.P.Fontana	2019-06-01T00:00:00	CC_BY_4_0	Herbario da Universidade Estadual de Feira de Santana	Santos, J.M.		native	2025-03-20T22:52:21.174Z		CONTINENT_DERIVED_FROM_COORDINATES;INSTITUTION_MATCH_FUZZY;INSTITUTION_COLLECTION_MISMATCH;DIFFERENT_OWNER_INSTITUTION
2449424903	2e684fd6-09e2-4661-910a-0a188b610c04	https://specieslink.net/guid/204/238187	Plantae	Tracheophyta	Magnoliopsida	Malpighiales	Malpighiaceae	Barnebya	Barnebya harleyi		SPECIES	Barnebya harleyi W.R.Anderson & B.Gates	Barnebya harleyi	W.R.Anderson & B.Gates	BR	Serra do Piriquito	Pernambuco	PRESENT		60545be9-4f28-4245-b4b4-07635c8dfa54	-8.606667	-37.621667			857.0	0.0			2019-05-30	30	5	2019	3984448	3984448	PRESERVED_SPECIMEN	UEFS	HUEFS	238187	599	D.P.Souza	2019-05-01T00:00:00	CC_BY_4_0	Herbario da Universidade Estadual de Feira de Santana	Souza, D.P.		native	2025-03-20T22:52:21.154Z		CONTINENT_DERIVED_FROM_COORDINATES;INSTITUTION_MATCH_FUZZY;INSTITUTION_COLLECTION_MISMATCH;DIFFERENT_OWNER_INSTITUTION
2397872509	2e684fd6-09e2-4661-910a-0a188b610c04	https://specieslink.net/guid/204/248717	Plantae	Tracheophyta	Magnoliopsida	Malpighiales	Malpighiaceae	Barnebya	Barnebya harleyi		SPECIES	Barnebya harleyi W.R.Anderson & B.Gates	Barnebya harleyi	W.R.Anderson & B.Gates	BR	Serra do Monre Santo. Adutora da Compesa. Residência do Sr. João Bosco-SP1.	Pernambuco	PRESENT		60545be9-4f28-4245-b4b4-07635c8dfa54	-8.308056	-39.226111			644.0	0.0			2014-04-09	9	4	2014	3984448	3984448	PRESERVED_SPECIMEN	UEFS	HUEFS	248717	7968	A.P.Fontana	2014-04-01T00:00:00	CC_BY_4_0	Herbario da Universidade Estadual de Feira de Santana	Fontana, A.P.		native	2025-03-20T22:52:22.087Z		CONTINENT_DERIVED_FROM_COORDINATES;INSTITUTION_MATCH_FUZZY;INSTITUTION_COLLECTION_MISMATCH;DIFFERENT_OWNER_INSTITUTION
2243138562	aefe4840-ce1f-4b7b-b83b-1a0203e9e5e4	https://specieslink.net/guid/156/17845	Plantae	Tracheophyta	Magnoliopsida	Malpighiales	Malpighiaceae	Barnebya	Barnebya harleyi		SPECIES	Barnebya harleyi W.R.Anderson & B.Gates	Barnebya harleyi	W.R.Anderson & B.Gates	BR	Morro das Trocas.	Bahia	PRESENT		3b3975ee-23fb-4943-a00e-4d6e6115b194	-12.716667	-39.7			360.0				1996-03-30	30	3	1996	3984448	3984448	PRESERVED_SPECIMEN	UFPI	TEPB	17845	1518			CC_BY_4_0	Herbário Graziela Barroso	MELO, E.; C. Correia, R. Ribeiro, N. Nascimento		native	2025-04-01T15:02:48.052Z		COORDINATE_ROUNDED;CONTINENT_DERIVED_FROM_COORDINATES;INSTITUTION_MATCH_NONE
1989231937	c8d12f8a-7e39-4e2c-92d7-825d590ad15b	a9113fca-37f0-49d6-be76-4332d59e9a3c	Plantae	Tracheophyta	Magnoliopsida	Malpighiales	Malpighiaceae	Barnebya	Barnebya harleyi		SPECIES	Barnebya harleyi W.R.Anderson & B.Gates	Barnebya harleyi	W.R. Anderson & B. Gates	BR	Serra do Curral Feio; 3km NW of Lagoinha (5.5km SW of Delfino) on the side road to Minas do Mimoso.	Bahia	PRESENT		174c6da2-e002-42fe-9f56-2f9d670240f4	-10.45	-41.26667			640.0				1974-03-05	5	3	1974	3984448	3984448	PRESERVED_SPECIMEN	MICH	Angiosperms	1102065	16750			CC_BY_NC_4_0		R.M. Harley	Isotype		2025-04-02T00:16:51.017Z	StillImage	GEODETIC_DATUM_ASSUMED_WGS84
1988588133	aefe4840-ce1f-4b7b-b83b-1a0203e9e5e4	https://specieslink.net/guid/156/17114	Plantae	Tracheophyta	Magnoliopsida	Malpighiales	Malpighiaceae	Barnebya	Barnebya harleyi		SPECIES	Barnebya harleyi W.R.Anderson & B.Gates	Barnebya harleyi	W.R.Anderson & B.Gates	BR	Estrada São José/Inhuma.	Piauí	PRESENT		3b3975ee-23fb-4943-a00e-4d6e6115b194									2002-05-08	8	5	2002	3984448	3984448	PRESERVED_SPECIMEN	UFPI	TEPB	17114	548			CC_BY_4_0	Herbário Graziela Barroso	MENDES, M.R.A.; Albino, R. S. , Farias, R. R. S. e Lopes, R. N.		native	2025-04-01T15:02:57.892Z		CONTINENT_DERIVED_FROM_COUNTRY;INSTITUTION_MATCH_NONE
1936707225	2e684fd6-09e2-4661-910a-0a188b610c04	https://specieslink.net/guid/204/243819	Plantae	Tracheophyta	Magnoliopsida	Malpighiales	Malpighiaceae	Barnebya	Barnebya harleyi		SPECIES	Barnebya harleyi W.R.Anderson & B.Gates	Barnebya harleyi	W.R.Anderson & B.Gates	BR	Chapada Diamantina, Cachoeira Domingos Lopes.	Bahia	PRESENT		60545be9-4f28-4245-b4b4-07635c8dfa54	-11.56	-40.905278			650.0	0.0			2018-03-29	29	3	2018	3984448	3984448	PRESERVED_SPECIMEN	UEFS	HUEFS	243819	13701			CC_BY_4_0	Herbario da Universidade Estadual de Feira de Santana	Melo, E.		native	2025-03-20T22:52:21.653Z		CONTINENT_DERIVED_FROM_COORDINATES;INSTITUTION_MATCH_FUZZY;INSTITUTION_COLLECTION_MISMATCH;DIFFERENT_OWNER_INSTITUTION
1801149896	1bb3cae3-b91f-4109-8a2d-a1f05f2d6fd3	https://specieslink.net/guid/7/160664	Plantae	Tracheophyta	Magnoliopsida	Malpighiales	Malpighiaceae	Barnebya	Barnebya harleyi		SPECIES	Barnebya harleyi W.R.Anderson & B.Gates	Barnebya harleyi	W.R.Anderson & B.Gates	BR	Médio São Francisco, Estrada para Ibotirama - torre de alta tensão. Caatinga arbórea. Mata seca.	Bahia	PRESENT		76dbcb10-efc5-4d5f-87a5-bcd409fc92c8	-12.772778	-43.1875							2003-04-30	30	4	2003	3984448	3984448	PRESERVED_SPECIMEN	USP-IB	SPF	160664	10372	Carvalho, PD	2009-10-01T00:00:00	CC_BY_4_0	Herbário da Universidade de São Paulo	Guedes, MLS		native	2025-03-13T22:32:10.326Z		CONTINENT_DERIVED_FROM_COORDINATES;INSTITUTION_MATCH_NONE
1801149566	1bb3cae3-b91f-4109-8a2d-a1f05f2d6fd3	https://specieslink.net/guid/7/149068	Plantae	Tracheophyta	Magnoliopsida	Malpighiales	Malpighiaceae	Barnebya	Barnebya harleyi		SPECIES	Barnebya harleyi W.R.Anderson & B.Gates	Barnebya harleyi	W.R.Anderson & B.Gates	BR	E Riacho de Santana, rod. BA 430. Base de afloramento rochoso e arredores, coleta de Ficus.	Bahia	PRESENT		76dbcb10-efc5-4d5f-87a5-bcd409fc92c8	-13.489167	-43.091944			535.0	0.0			2001-05-15	15	5	2001	3984448	3984448	PRESERVED_SPECIMEN	USP-IB	SPF	149068	728	Mamede, MCH	2002-01-01T00:00:00	CC_BY_4_0	Herbário da Universidade de São Paulo	Groppo, M		native	2025-03-13T22:32:09.522Z		CONTINENT_DERIVED_FROM_COORDINATES;INSTITUTION_MATCH_NONE
1801147013	1bb3cae3-b91f-4109-8a2d-a1f05f2d6fd3	https://specieslink.net/guid/7/61069	Plantae	Tracheophyta	Magnoliopsida	Malpighiales	Malpighiaceae	Barnebya	Barnebya harleyi		SPECIES	Barnebya harleyi W.R.Anderson & B.Gates	Barnebya harleyi	W.R.Anderson & B.Gates	BR	No povoado de Duas Serras. Floresta Estacional Decidual.	Bahia	PRESENT		76dbcb10-efc5-4d5f-87a5-bcd409fc92c8									1981-05-13	13	5	1981	3984448	3984448	PRESERVED_SPECIMEN	USP-IB	SPF	61069	436	Mamede, MCH	1991-10-01T00:00:00	CC_BY_4_0	Herbário da Universidade de São Paulo	Bautista, HP		native	2025-03-13T22:32:06.984Z		CONTINENT_DERIVED_FROM_COUNTRY;INSTITUTION_MATCH_NONE
1705511543	2e684fd6-09e2-4661-910a-0a188b610c04	https://specieslink.net/guid/204/235422	Plantae	Tracheophyta	Magnoliopsida	Malpighiales	Malpighiaceae	Barnebya	Barnebya harleyi		SPECIES	Barnebya harleyi W.R.Anderson & B.Gates	Barnebya harleyi	W.R.Anderson & B.Gates	BR	Road Palmeiras - Guine	Bahia	PRESENT		60545be9-4f28-4245-b4b4-07635c8dfa54	-12.894167	-41.95			763.0	0.0			2017-03-11	11	3	2017	3984448	3984448	PRESERVED_SPECIMEN	UEFS	HUEFS	235422	2129	P.W.Moonlight	2017-12-01T00:00:00	CC_BY_4_0	Herbario da Universidade Estadual de Feira de Santana	Pennington, R.T.		native	2025-03-20T22:52:20.786Z		CONTINENT_DERIVED_FROM_COORDINATES;INSTITUTION_MATCH_FUZZY;INSTITUTION_COLLECTION_MISMATCH;DIFFERENT_OWNER_INSTITUTION
1638342208	2e684fd6-09e2-4661-910a-0a188b610c04	https://specieslink.net/guid/204/232195	Plantae	Tracheophyta	Magnoliopsida	Malpighiales	Malpighiaceae	Barnebya	Barnebya harleyi		SPECIES	Barnebya harleyi W.R.Anderson & B.Gates	Barnebya harleyi	W.R.Anderson & B.Gates	BR	Chapada Diamantina, Cachoeira Domingos Lopes.	Bahia	PRESENT		60545be9-4f28-4245-b4b4-07635c8dfa54	-11.557778	-40.905833			660.0	0.0			2017-04-13	13	4	2017	3984448	3984448	PRESERVED_SPECIMEN	UEFS	HUEFS	232195	13446			CC_BY_4_0	Herbario da Universidade Estadual de Feira de Santana	Melo, E.		native	2025-03-20T22:52:20.348Z		CONTINENT_DERIVED_FROM_COORDINATES;INSTITUTION_MATCH_FUZZY;INSTITUTION_COLLECTION_MISMATCH;DIFFERENT_OWNER_INSTITUTION
1424256597	4300f8d5-1ae5-49e5-a101-63894b005868	urn:catalog:JBRJ:RB:540702	Plantae	Tracheophyta	Magnoliopsida	Malpighiales	Malpighiaceae	Barnebya	Barnebya harleyi		SPECIES	Barnebya harleyi W.R.Anderson & B.Gates	Barnebya harleyi W.R.Anderson & B.Gates	W.R.Anderson & B.Gates	BR	Serra do Curral Feio. 3km NW of Lagoinha (5,5km SW of Delfino) on the side road to Minas do Mimoso.	Bahia	PRESENT		838537fc-4aeb-4980-8b58-97fbdcd1d91a	-10.45	-41.266667			640.0				1974-03-05	5	3	1974	3984448	3984448	PRESERVED_SPECIMEN	JBRJ	RB	RB00540702	16750			CC_BY_4_0	Rio de Janeiro Botanical Garden	Harley, R.M.	Isotype		2025-04-01T12:37:26.996Z	StillImage	COORDINATE_ROUNDED;GEODETIC_DATUM_ASSUMED_WGS84;CONTINENT_DERIVED_FROM_COORDINATES;INSTITUTION_MATCH_FUZZY;COLLECTION_MATCH_FUZZY
1424153360	4300f8d5-1ae5-49e5-a101-63894b005868	urn:catalog:JBRJ:RB:420322	Plantae	Tracheophyta	Magnoliopsida	Malpighiales	Malpighiaceae	Barnebya	Barnebya harleyi		SPECIES	Barnebya harleyi W.R.Anderson & B.Gates	Barnebya harleyi W.R.Anderson & B.Gates	W.R.Anderson & B.Gates	BR		Bahia	PRESENT		838537fc-4aeb-4980-8b58-97fbdcd1d91a	-12.466667	-40.15							1985-04-21	21	4	1985	3984448	3984448	PRESERVED_SPECIMEN	JBRJ	RB	RB00420322	429	P. D. Carvalho	2006-06-01T00:00:00	CC_BY_4_0	Rio de Janeiro Botanical Garden	Adonias Pereira de Araújo			2025-04-01T12:37:21.726Z	StillImage	COORDINATE_ROUNDED;GEODETIC_DATUM_ASSUMED_WGS84;CONTINENT_DERIVED_FROM_COORDINATES;INSTITUTION_MATCH_FUZZY;COLLECTION_MATCH_FUZZY
1424007896	4300f8d5-1ae5-49e5-a101-63894b005868	urn:catalog:JBRJ:RB:212223	Plantae	Tracheophyta	Magnoliopsida	Malpighiales	Malpighiaceae	Barnebya	Barnebya harleyi		SPECIES	Barnebya harleyi W.R.Anderson & B.Gates	Barnebya harleyi W.R.Anderson & B.Gates	W.R.Anderson & B.Gates	BR	No povoado de 2 serras. Floresta Estacional Decidual.	Bahia	PRESENT		838537fc-4aeb-4980-8b58-97fbdcd1d91a									1981-05-13	13	5	1981	3984448	3984448	PRESERVED_SPECIMEN	JBRJ	RB	RB00212223	436	E. P. Queiroz	2013-09-01T00:00:00	CC_BY_4_0	Rio de Janeiro Botanical Garden	H.P. Bautista			2025-04-01T12:37:15.532Z	StillImage	CONTINENT_DERIVED_FROM_COUNTRY;INSTITUTION_MATCH_FUZZY;COLLECTION_MATCH_FUZZY
1424006555	4300f8d5-1ae5-49e5-a101-63894b005868	urn:catalog:JBRJ:RB:210889	Plantae	Tracheophyta	Magnoliopsida	Malpighiales	Malpighiaceae	Barnebya	Barnebya harleyi		SPECIES	Barnebya harleyi W.R.Anderson & B.Gates	Barnebya harleyi W.R.Anderson & B.Gates	W.R.Anderson & B.Gates	BR	NO POVOADO DE DUAS SERRAS.	Bahia	PRESENT		838537fc-4aeb-4980-8b58-97fbdcd1d91a									1981-05-13	13	5	1981	3984448	3984448	PRESERVED_SPECIMEN	JBRJ	RB	RB00210889	436	ANDRE AMORIM		CC_BY_4_0	Rio de Janeiro Botanical Garden	H.P.BAUTISTA			2025-04-01T12:37:16.003Z	StillImage	CONTINENT_DERIVED_FROM_COUNTRY;INSTITUTION_MATCH_FUZZY;COLLECTION_MATCH_FUZZY
1424006549	4300f8d5-1ae5-49e5-a101-63894b005868	urn:catalog:JBRJ:RB:210903	Plantae	Tracheophyta	Magnoliopsida	Malpighiales	Malpighiaceae	Barnebya	Barnebya harleyi		SPECIES	Barnebya harleyi W.R.Anderson & B.Gates	Barnebya harleyi W.R.Anderson & B.Gates	W.R.Anderson & B.Gates	BR	3 KM N.W. OF LAGOINHA (5.5 KM S.W. OF DELFINO) ON THE SIDE ROAD TO MINAS DO MIMOSO. CUT OVER WOODLAND, AND BY CULTIVATION NEAR RIVER.		PRESENT		838537fc-4aeb-4980-8b58-97fbdcd1d91a	-10.45	-41.266667			640.0				1974-03-05	5	3	1974	3984448	3984448	PRESERVED_SPECIMEN	JBRJ	RB	RB00210903	16750	ANDRE AMORIM		CC_BY_4_0	Rio de Janeiro Botanical Garden	R.M.HARLEY			2025-04-01T12:37:16.033Z	StillImage	COORDINATE_ROUNDED;GEODETIC_DATUM_ASSUMED_WGS84;CONTINENT_DERIVED_FROM_COORDINATES;INSTITUTION_MATCH_FUZZY;COLLECTION_MATCH_FUZZY
1324953763	5b5cf455-a448-4c0a-aecd-3e0956f27f10	https://specieslink.net/guid/256/124566	Plantae	Tracheophyta	Magnoliopsida	Malpighiales	Malpighiaceae	Barnebya	Barnebya harleyi		SPECIES	Barnebya harleyi W.R.Anderson & B.Gates	Barnebya harleyi	W.R.Anderson & B.Gates	BR	Paraguaçu, Na cidade, cultivada	Bahia	PRESENT		afdd8e93-b4e3-491c-88f0-8a22834ac1a9	-12.5	-40.6							2016-03-27	27	3	2016	3984448	3984448	PRESERVED_SPECIMEN	UFBA	ALCB	124566	05	Guedes, ML	2016-06-01T00:00:00	CC_BY_4_0	Herbário Alexandre Leal Costa	Casaes, M; Guedes, ML		native	2025-03-31T19:01:54.255Z		INSTITUTION_MATCH_NONE
1265916689	1e0f3d99-eb02-4806-b6a4-e903568129ec	https://specieslink.net/guid/155/53292	Plantae	Tracheophyta	Magnoliopsida	Malpighiales	Malpighiaceae	Barnebya	Barnebya harleyi		SPECIES	Barnebya harleyi W.R.Anderson & B.Gates	Barnebya harleyi	W.R. Anderson e B. Gates	BR	Tribo Kapinawa	Pernambuco	PRESENT		b7ea834f-8d60-40ea-ab2c-5057000f0afd									2005-05-06	6	5	2005	3984448	3984448	PRESERVED_SPECIMEN	UFPE	UFP	53292	58	Cano, O		CC_BY_4_0	Herbário UFP - Geraldo Mariz	Pinho, RS		native	2025-04-04T18:10:59.180Z		CONTINENT_DERIVED_FROM_COUNTRY;INSTITUTION_MATCH_NONE
1228243992	90c853e6-56bd-480b-8e8f-6285c3f8d42b	a92c2bf9-8095-4094-8b9f-5dbc33193154	Plantae	Tracheophyta	Magnoliopsida	Malpighiales	Malpighiaceae	Barnebya	Barnebya harleyi		SPECIES	Barnebya harleyi W.R.Anderson & B.Gates	Barnebya harleyi W. R. Anderson & B. Gates		BR	Bahia	Bahia	PRESENT		7b8aff00-a9f8-11d8-944b-b8a03c50a862	-11.0	-42.0							2001-05-15	15	5	2001	3984448	3984448	PRESERVED_SPECIMEN	F	Botany	V0220768F	728	M. C. H. Mamede	2002-01-01T00:00:00	CC0_1_0	The Field Museum of Natural History	M. Groppo			2025-02-06T21:25:53.623Z	StillImage	GEODETIC_DATUM_ASSUMED_WGS84;AMBIGUOUS_COLLECTION;INSTITUTION_MATCH_FUZZY
1213604012	d82d5a18-0428-4e52-be16-f509153e8126	https://specieslink.net/guid/224/147429	Plantae	Tracheophyta	Magnoliopsida	Malpighiales	Malpighiaceae	Barnebya	Barnebya harleyi		SPECIES	Barnebya harleyi W.R.Anderson & B.Gates	Barnebya harleyi	W.R.Anderson & B.Gates	BR		Bahia	PRESENT		e97090cb-7731-41c7-ac24-31a841730654	-12.466667	-40.15							1985-04-21	21	4	1985	3984448	3984448	PRESERVED_SPECIMEN	UnB	UB	147429	429	Mamede, MCH	1993-01-01T00:00:00	CC_BY_4_0	Herbário da Universidade de Brasília	Araújo, AP		native	2025-04-04T06:31:52.619Z		COORDINATE_ROUNDED;CONTINENT_DERIVED_FROM_COORDINATES;INSTITUTION_MATCH_NONE
1208840746	5b5cf455-a448-4c0a-aecd-3e0956f27f10	https://specieslink.net/guid/256/031952	Plantae	Tracheophyta	Magnoliopsida	Malpighiales	Malpighiaceae	Barnebya	Barnebya harleyi		SPECIES	Barnebya harleyi W.R.Anderson & B.Gates	Barnebya harleyi	W.R.Anderson & B.Gates	BR	Piemonte da Diamantina, 3 Km NW of Lagoinha (5,5 Km of Delfino) on the side road to Minas do Mimoso. Cut over woodland, and by cultivation near river	Bahia	PRESENT		afdd8e93-b4e3-491c-88f0-8a22834ac1a9	-10.333333	-41.333333			640.0	0.0			1974-03-05	5	3	1974	3984448	3984448	PRESERVED_SPECIMEN	UFBA	ALCB	031952	16750	Anderson, WR; Gotes		CC_BY_4_0	Herbário Alexandre Leal Costa	Harley, RM	Isotype	native	2025-03-31T19:01:51.135Z		INSTITUTION_MATCH_NONE
1123789398	9129ec89-afa7-45af-8b73-509f1f8942ab	https://specieslink.net/guid/111/6694	Plantae	Tracheophyta	Magnoliopsida	Malpighiales	Malpighiaceae	Barnebya	Barnebya harleyi		SPECIES	Barnebya harleyi W.R.Anderson & B.Gates	Barnebya harleyi	W.R Anderson & B.Gates	BR		Bahia	PRESENT		667644b9-7b93-4892-80c7-c4271735c515									1989-05-23	23	5	1989	3984448	3984448	PRESERVED_SPECIMEN	INMA	MBML-HERBARIO	6694	2850	W. R. Anderson	1991-07-01T00:00:00	CC_BY_4_0	Herbário Mello Leitão	L. A. Mattos Silva; et al		native	2025-04-04T06:25:06.886Z		CONTINENT_DERIVED_FROM_COUNTRY;INSTITUTION_MATCH_NONE
1095552291	3b8e9d83-b2d4-4a97-973c-31d98b67b1e9	https://specieslink.net/guid/40/216581	Plantae	Tracheophyta	Magnoliopsida	Malpighiales	Malpighiaceae	Barnebya	Barnebya harleyi		SPECIES	Barnebya harleyi W.R.Anderson & B.Gates	Barnebya harleyi	W.R.Anderson & B.Gates	BR	3 km NW of Lagoinha (5.5 km SW of Delfino) on the side road to Minas do Mimoso.	Bahia	PRESENT		ab5c0b99-5af3-4958-b03c-0b7e85481cc1					640.0				1974-03-05	5	3	1974	3984448	3984448	PRESERVED_SPECIMEN	MBM	MBM	216581	16750			CC_BY_4_0	Herbário do Museu Botânico Municipal	Harley, RM , R; Renvoize, SA; Erskine, CM; Brighton, CA; Pinheiro	Isotype	native	2025-04-04T06:33:52.839Z		CONTINENT_DERIVED_FROM_COUNTRY;INSTITUTION_MATCH_FUZZY;COLLECTION_MATCH_FUZZY;DIFFERENT_OWNER_INSTITUTION
1095291105	2273e40d-26c2-4959-aea2-b6abcce16d09	https://specieslink.net/guid/259/081893	Plantae	Tracheophyta	Magnoliopsida	Malpighiales	Malpighiaceae	Barnebya	Barnebya harleyi		SPECIES	Barnebya harleyi W.R.Anderson & B.Gates	Barnebya harleyi	W.R. Anderson & B. Gates	BR	no povoado de Duas Serras	Ba	PRESENT		04481953-6112-489f-bb8d-9703d787e3ea									1981-05-13	13	5	1981	3984448	3984448	PRESERVED_SPECIMEN	UFRGS	ICN	081893	436	Almeida, RF	2015-01-01T00:00:00	CC_BY_4_0	Herbário do Instituto de Ciências Naturais	Bautista, HP		native	2025-03-29T18:29:16.365Z		INSTITUTION_MATCH_FUZZY;INSTITUTION_COLLECTION_MISMATCH;DIFFERENT_OWNER_INSTITUTION
1095220940	e38d4c95-3a1d-4594-9ae9-883b48042e6d	https://specieslink.net/guid/399/42391	Plantae	Tracheophyta	Magnoliopsida	Malpighiales	Malpighiaceae	Barnebya	Barnebya harleyi		SPECIES	Barnebya harleyi W.R.Anderson & B.Gates	Barnebya harleyi	W.R.Anderson & B.Gates	BR	Morro do Agenor.	Ba	PRESENT	1	7ef169f9-81f8-46a2-a7f7-240df6a1889c	-12.71667	-39.7			280.0	0.0			1996-03-31	31	3	1996	3984448	3984448	PRESERVED_SPECIMEN	Cenargen	CEN	42391	1544			CC_BY_4_0	Herbário da Embrapa Recursos Genéticos e Biotecnologia	Efigênia de Melo		native	2025-04-04T06:31:17.914Z		COUNTRY_DERIVED_FROM_COORDINATES;CONTINENT_DERIVED_FROM_COORDINATES;INSTITUTION_MATCH_NONE
1094873707	2e684fd6-09e2-4661-910a-0a188b610c04	https://specieslink.net/guid/204/156586	Plantae	Tracheophyta	Magnoliopsida	Malpighiales	Malpighiaceae	Barnebya	Barnebya harleyi		SPECIES	Barnebya harleyi W.R.Anderson & B.Gates	Barnebya harleyi	W.R.Anderson & B.Gates	BR	Estrada de Palmeiras para Caeté-Açu.	Bahia	PRESENT		60545be9-4f28-4245-b4b4-07635c8dfa54	-12.573056	-41.5825			1074.0	0.0			2009-05-04	4	5	2009	3984448	3984448	PRESERVED_SPECIMEN	UEFS	HUEFS	156586	14568			CC_BY_4_0	Herbario da Universidade Estadual de Feira de Santana	Queiroz, L.P.de		native	2025-03-20T22:52:10.976Z		CONTINENT_DERIVED_FROM_COORDINATES;INSTITUTION_MATCH_FUZZY;INSTITUTION_COLLECTION_MISMATCH;DIFFERENT_OWNER_INSTITUTION
1094855013	2e684fd6-09e2-4661-910a-0a188b610c04	https://specieslink.net/guid/204/137589	Plantae	Tracheophyta	Magnoliopsida	Malpighiales	Malpighiaceae	Barnebya	Barnebya harleyi		SPECIES	Barnebya harleyi W.R.Anderson & B.Gates	Barnebya harleyi	W.R.Anderson & B.Gates	BR	Rio Salitre.	Bahia	PRESENT		60545be9-4f28-4245-b4b4-07635c8dfa54	-10.505278	-41.330833			750.0	0.0			2008-05-23	23	5	2008	3984448	3984448	PRESERVED_SPECIMEN	UEFS	HUEFS	137589	5717			CC_BY_4_0	Herbario da Universidade Estadual de Feira de Santana	Melo, E.		native	2025-03-20T22:52:08.256Z		CONTINENT_DERIVED_FROM_COORDINATES;INSTITUTION_MATCH_FUZZY;INSTITUTION_COLLECTION_MISMATCH;DIFFERENT_OWNER_INSTITUTION
1094826864	2e684fd6-09e2-4661-910a-0a188b610c04	https://specieslink.net/guid/204/109248	Plantae	Tracheophyta	Magnoliopsida	Malpighiales	Malpighiaceae	Barnebya	Barnebya harleyi		SPECIES	Barnebya harleyi W.R.Anderson & B.Gates	Barnebya harleyi	W.R.Anderson & B.Gates	BR	Morro da Pedra Grande. Base do Morro.	Bahia	PRESENT		60545be9-4f28-4245-b4b4-07635c8dfa54	-12.715833	-39.762778			285.0	0.0			2006-04-08	8	4	2006	3984448	3984448	PRESERVED_SPECIMEN	UEFS	HUEFS	109248	4343	P.D.Carvalho	2006-06-01T00:00:00	CC_BY_4_0	Herbario da Universidade Estadual de Feira de Santana	Melo, E.		native	2025-03-20T22:52:04.765Z		CONTINENT_DERIVED_FROM_COORDINATES;INSTITUTION_MATCH_FUZZY;INSTITUTION_COLLECTION_MISMATCH;DIFFERENT_OWNER_INSTITUTION
1094825189	2e684fd6-09e2-4661-910a-0a188b610c04	https://specieslink.net/guid/204/107486	Plantae	Tracheophyta	Magnoliopsida	Malpighiales	Malpighiaceae	Barnebya	Barnebya harleyi		SPECIES	Barnebya harleyi W.R.Anderson & B.Gates	Barnebya harleyi	W.R.Anderson & B.Gates	BR	Estrada Palmeiras - Guiné.	Bahia	PRESENT		60545be9-4f28-4245-b4b4-07635c8dfa54	-12.5425	-41.575556			718.0	0.0			2006-04		4	2006	3984448	3984448	PRESERVED_SPECIMEN	UEFS	HUEFS	107486	298	W.R.Anderson	2009-08-01T00:00:00	CC_BY_4_0	Herbario da Universidade Estadual de Feira de Santana	Carvalho, P.D.		native	2025-03-20T22:52:04.669Z		CONTINENT_DERIVED_FROM_COORDINATES;INSTITUTION_MATCH_FUZZY;INSTITUTION_COLLECTION_MISMATCH;DIFFERENT_OWNER_INSTITUTION
1094796502	2e684fd6-09e2-4661-910a-0a188b610c04	https://specieslink.net/guid/204/78523	Plantae	Tracheophyta	Magnoliopsida	Malpighiales	Malpighiaceae	Barnebya	Barnebya harleyi		SPECIES	Barnebya harleyi W.R.Anderson & B.Gates	Barnebya harleyi	W.R.Anderson & B.Gates	BR	Caminho para Conceição dos Gados.	Bahia	PRESENT		60545be9-4f28-4245-b4b4-07635c8dfa54	-12.516667	-41.583333							2003-03-21	21	3	2003	3984448	3984448	PRESERVED_SPECIMEN	UEFS	HUEFS	78523	3584	P.D.Carvalho	2006-07-01T00:00:00	CC_BY_4_0	Herbario da Universidade Estadual de Feira de Santana	Melo, E.		native	2025-03-20T22:52:01.963Z		CONTINENT_DERIVED_FROM_COORDINATES;INSTITUTION_MATCH_FUZZY;INSTITUTION_COLLECTION_MISMATCH;DIFFERENT_OWNER_INSTITUTION
1094790822	2e684fd6-09e2-4661-910a-0a188b610c04	https://specieslink.net/guid/204/72856	Plantae	Tracheophyta	Magnoliopsida	Malpighiales	Malpighiaceae	Barnebya	Barnebya harleyi		SPECIES	Barnebya harleyi W.R.Anderson & B.Gates	Barnebya harleyi	W.R.Anderson & B.Gates	BR	Base I, Biodiversitas - entrada da Gruta do Minadouro	Bahia	PRESENT		60545be9-4f28-4245-b4b4-07635c8dfa54	-9.9475	-38.990278			388.0	0.0			2003-05-22	22	5	2003	3984448	3984448	PRESERVED_SPECIMEN	UEFS	HUEFS	72856	167	R.M.Harley	2003-09-01T00:00:00	CC_BY_4_0	Herbario da Universidade Estadual de Feira de Santana	Oliveira, A.A.de		native	2025-03-20T22:52:01.526Z		CONTINENT_DERIVED_FROM_COORDINATES;INSTITUTION_MATCH_FUZZY;INSTITUTION_COLLECTION_MISMATCH;DIFFERENT_OWNER_INSTITUTION
1094771014	2e684fd6-09e2-4661-910a-0a188b610c04	https://specieslink.net/guid/204/52986	Plantae	Tracheophyta	Magnoliopsida	Malpighiales	Malpighiaceae	Barnebya	Barnebya harleyi		SPECIES	Barnebya harleyi W.R.Anderson & B.Gates	Barnebya harleyi	W.R.Anderson & B.Gates	BR	Fazenda Xingó, perto de Xingozinho, 3 Km da divisa com a Bahia.	Sergipe	PRESENT		60545be9-4f28-4245-b4b4-07635c8dfa54	-9.563333	-38.0175							2001-04-25	25	4	2001	3984448	3984448	PRESERVED_SPECIMEN	UEFS	HUEFS	52986	54284	R.M.Harley	2001-05-01T00:00:00	CC_BY_4_0	Herbario da Universidade Estadual de Feira de Santana	Harley, R.M.		native	2025-03-20T22:52:00.309Z		CONTINENT_DERIVED_FROM_COORDINATES;INSTITUTION_MATCH_FUZZY;INSTITUTION_COLLECTION_MISMATCH;DIFFERENT_OWNER_INSTITUTION
1094749656	2e684fd6-09e2-4661-910a-0a188b610c04	https://specieslink.net/guid/204/31498	Plantae	Tracheophyta	Magnoliopsida	Malpighiales	Malpighiaceae	Barnebya	Barnebya harleyi		SPECIES	Barnebya harleyi W.R.Anderson & B.Gates	Barnebya harleyi	W.R.Anderson & B.Gates	BR	3 km N.W. of Lagoinha (5.5 km S.W. of Delfino), on the side road to Minas do Mimoso.	Bahia	PRESENT		60545be9-4f28-4245-b4b4-07635c8dfa54	-10.45	-41.266667			640.0	0.0			1974-03-05	5	3	1974	3984448	3984448	PRESERVED_SPECIMEN	UEFS	HUEFS	31498	16750	R.M.Harley	1974-01-01T00:00:00	CC_BY_4_0	Herbario da Universidade Estadual de Feira de Santana	Harley, R.M.	Isotype	native	2025-03-20T22:51:59.534Z		CONTINENT_DERIVED_FROM_COORDINATES;INSTITUTION_MATCH_FUZZY;INSTITUTION_COLLECTION_MISMATCH;DIFFERENT_OWNER_INSTITUTION
1094741179	2e684fd6-09e2-4661-910a-0a188b610c04	https://specieslink.net/guid/204/23069	Plantae	Tracheophyta	Magnoliopsida	Malpighiales	Malpighiaceae	Barnebya	Barnebya harleyi		SPECIES	Barnebya harleyi W.R.Anderson & B.Gates	Barnebya harleyi	W.R.Anderson & B.Gates	BR	Morro do Agenor ou da madeira.	Bahia	PRESENT		60545be9-4f28-4245-b4b4-07635c8dfa54	-12.716667	-39.7			370.0	60.0			1996-05-26	26	5	1996	3984448	3984448	PRESERVED_SPECIMEN	UEFS	HUEFS	23069	1597	A.Amorim	1999-01-01T00:00:00	CC_BY_4_0	Herbario da Universidade Estadual de Feira de Santana	Melo, E.		native	2025-03-20T22:51:59.163Z		CONTINENT_DERIVED_FROM_COORDINATES;INSTITUTION_MATCH_FUZZY;INSTITUTION_COLLECTION_MISMATCH;DIFFERENT_OWNER_INSTITUTION
1094740762	2e684fd6-09e2-4661-910a-0a188b610c04	https://specieslink.net/guid/204/22656	Plantae	Tracheophyta	Magnoliopsida	Malpighiales	Malpighiaceae	Barnebya	Barnebya harleyi		SPECIES	Barnebya harleyi W.R.Anderson & B.Gates	Barnebya harleyi	W.R.Anderson & B.Gates	BR	Morro do Agenor	Bahia	PRESENT		60545be9-4f28-4245-b4b4-07635c8dfa54	-12.716667	-39.7			280.0	0.0			1996-03-31	31	3	1996	3984448	3984448	PRESERVED_SPECIMEN	UEFS	HUEFS	22656	1544	A.Amorim	1999-01-01T00:00:00	CC_BY_4_0	Herbario da Universidade Estadual de Feira de Santana	Melo, E.		native	2025-03-20T22:51:58.381Z		CONTINENT_DERIVED_FROM_COORDINATES;INSTITUTION_MATCH_FUZZY;INSTITUTION_COLLECTION_MISMATCH;DIFFERENT_OWNER_INSTITUTION
1094740738	2e684fd6-09e2-4661-910a-0a188b610c04	https://specieslink.net/guid/204/22629	Plantae	Tracheophyta	Magnoliopsida	Malpighiales	Malpighiaceae	Barnebya	Barnebya harleyi		SPECIES	Barnebya harleyi W.R.Anderson & B.Gates	Barnebya harleyi	W.R.Anderson & B.Gates	BR	Morro das Tocas.	Bahia	PRESENT		60545be9-4f28-4245-b4b4-07635c8dfa54	-12.716667	-39.7			330.0	30.0			1996-03-30	30	3	1996	3984448	3984448	PRESERVED_SPECIMEN	UEFS	HUEFS	22629	1518	A.Amorim	1999-01-01T00:00:00	CC_BY_4_0	Herbario da Universidade Estadual de Feira de Santana	Melo, E.		native	2025-03-20T22:51:58.381Z		CONTINENT_DERIVED_FROM_COORDINATES;INSTITUTION_MATCH_FUZZY;INSTITUTION_COLLECTION_MISMATCH;DIFFERENT_OWNER_INSTITUTION
1094728432	2e684fd6-09e2-4661-910a-0a188b610c04	https://specieslink.net/guid/204/10305	Plantae	Tracheophyta	Magnoliopsida	Malpighiales	Malpighiaceae	Barnebya	Barnebya harleyi		SPECIES	Barnebya harleyi W.R.Anderson & B.Gates	Barnebya harleyi	W.R.Anderson & B.Gates	BR		Bahia	PRESENT		60545be9-4f28-4245-b4b4-07635c8dfa54									1989-05-23	23	5	1989	3984448	3984448	PRESERVED_SPECIMEN	UEFS	HUEFS	10305	2850	W.R.Anderson	1991-07-01T00:00:00	CC_BY_4_0	Herbario da Universidade Estadual de Feira de Santana	Mattos-Silva, L.A.		native	2025-03-20T22:51:57.569Z		CONTINENT_DERIVED_FROM_COUNTRY;INSTITUTION_MATCH_FUZZY;INSTITUTION_COLLECTION_MISMATCH;DIFFERENT_OWNER_INSTITUTION
1094175547	fffdea53-c113-4cdc-896e-a9c5fd726591	https://specieslink.net/guid/265/13801	Plantae	Tracheophyta	Magnoliopsida	Malpighiales	Malpighiaceae	Barnebya	Barnebya harleyi		SPECIES	Barnebya harleyi W.R.Anderson & B.Gates	Barnebya harleyi	W.R.Anderson & B.Gates	BR		Bahia	PRESENT		1c72778c-05de-4f31-b83a-ff541ce5dff7	-12.5425	-41.575556			718.0	0.0			2006-04-01	1	4	2006	3984448	3984448	PRESERVED_SPECIMEN	UESC	UESC	13801	298			CC_BY_4_0	Herbário Universidade Estadual de Santa Cruz	Carvalho, P.D.		native	2025-04-04T06:25:35.336Z		CONTINENT_DERIVED_FROM_COORDINATES;INSTITUTION_MATCH_FUZZY;COLLECTION_MATCH_FUZZY
1094172650	fffdea53-c113-4cdc-896e-a9c5fd726591	https://specieslink.net/guid/265/8789	Plantae	Tracheophyta	Magnoliopsida	Malpighiales	Malpighiaceae	Barnebya	Barnebya harleyi		SPECIES	Barnebya harleyi W.R.Anderson & B.Gates	Barnebya harleyi	W.R.Anderson	BR		Sergipe	PRESENT		1c72778c-05de-4f31-b83a-ff541ce5dff7	-9.563333	-38.0175							2001-04-25	25	4	2001	3984448	3984448	PRESERVED_SPECIMEN	UESC	UESC	8789	54284			CC_BY_4_0	Herbário Universidade Estadual de Santa Cruz	Harley, R.M.		native	2025-04-04T06:25:30.506Z		CONTINENT_DERIVED_FROM_COORDINATES;INSTITUTION_MATCH_FUZZY;COLLECTION_MATCH_FUZZY
1090958458	da8a0dd0-85c7-4d7a-8a5a-e66b1deaebaa	https://specieslink.net/guid/159/47940	Plantae	Tracheophyta	Magnoliopsida	Malpighiales	Malpighiaceae	Barnebya	Barnebya harleyi		SPECIES	Barnebya harleyi W.R.Anderson & B.Gates	Barnebya harleyi	W.R. Anderson & B. Gates	BR	Tribo Kapinawá	Pernambuco	PRESENT		06542f02-868b-4651-aed4-1ae6b2eb4eb7	-8.623333	-37.155833							2005-05-06	6	5	2005	3984448	3984448	PRESERVED_SPECIMEN	UFRPE	PEUFR	47940	58	O. Cano		CC_BY_4_0	Herbário Professor Vasconcelos Sobrinho	R.S. Pinho		native	2025-03-20T22:46:05.591Z		CONTINENT_DERIVED_FROM_COORDINATES;INSTITUTION_MATCH_NONE
1090955416	da8a0dd0-85c7-4d7a-8a5a-e66b1deaebaa	https://specieslink.net/guid/159/38892	Plantae	Tracheophyta	Magnoliopsida	Malpighiales	Malpighiaceae	Barnebya	Barnebya harleyi		SPECIES	Barnebya harleyi W.R.Anderson & B.Gates	Barnebya harleyi	W.R. Anderson & B. Gates	BR	Morro do Agenor	Bahia	PRESENT		06542f02-868b-4651-aed4-1ae6b2eb4eb7	-12.716667	-39.7			280.0	0.0			1996-03-31	31	3	1996	3984448	3984448	PRESERVED_SPECIMEN	UFRPE	PEUFR	38892	1544			CC_BY_4_0	Herbário Professor Vasconcelos Sobrinho	E. Melo; F. França; C. Correia; R. Ribeiro		native	2025-03-20T22:46:10.790Z		CONTINENT_DERIVED_FROM_COORDINATES;INSTITUTION_MATCH_NONE
1090949738	da8a0dd0-85c7-4d7a-8a5a-e66b1deaebaa	https://specieslink.net/guid/159/23281	Plantae	Tracheophyta	Magnoliopsida	Malpighiales	Malpighiaceae	Barnebya	Barnebya harleyi		SPECIES	Barnebya harleyi W.R.Anderson & B.Gates	Barnebya harleyi	W.R. Anderson & B. Gates	BR		Pernambuco	PRESENT		06542f02-868b-4651-aed4-1ae6b2eb4eb7	-8.625	-37.154167			799.0	0.0			1996-04-12	12	4	1996	3984448	3984448	PRESERVED_SPECIMEN	UFRPE	PEUFR	23281	690	A.M. Amorim	1999-01-01T00:00:00	CC_BY_4_0	Herbário Professor Vasconcelos Sobrinho	M.J.N. Rodal; A.P.S. Gomes		native	2025-03-20T22:46:04.713Z		CONTINENT_DERIVED_FROM_COORDINATES;INSTITUTION_MATCH_NONE
1090944139	da8a0dd0-85c7-4d7a-8a5a-e66b1deaebaa	https://specieslink.net/guid/159/11198	Plantae	Tracheophyta	Magnoliopsida	Malpighiales	Malpighiaceae	Barnebya	Barnebya harleyi		SPECIES	Barnebya harleyi W.R.Anderson & B.Gates	Barnebya harleyi	W.R. Anderson & B. Gates	BR		Bahia	PRESENT		06542f02-868b-4651-aed4-1ae6b2eb4eb7	-12.466667	-40.15							1985-04-21	21	4	1985	3984448	3984448	PRESERVED_SPECIMEN	UFRPE	PEUFR	11198	429	A.M. Amorim	1999-01-01T00:00:00	CC_BY_4_0	Herbário Professor Vasconcelos Sobrinho	A.P. de Araújo		native	2025-03-20T22:46:03.551Z		CONTINENT_DERIVED_FROM_COORDINATES;INSTITUTION_MATCH_NONE
1090909197	b18aa640-0367-4956-a6a4-5f07141127f1	https://specieslink.net/guid/200/14553	Plantae	Tracheophyta	Magnoliopsida	Malpighiales	Malpighiaceae	Barnebya	Barnebya harleyi		SPECIES	Barnebya harleyi W.R.Anderson & B.Gates	Barnebya harleyi	W.R.Anderson & B.Gates	BR	Lote 14, Serra do Braga, Desemboque do Túnel Cuncas I	Paraíba	PRESENT		6bfada01-036d-455a-b332-081dbe226a05	-7.168694	-38.623638			441.0	0.0			2012-03-15	15	3	2012	3984448	3984448	PRESERVED_SPECIMEN	UNIVASF	HVASF	14553	52	R.A. Silva	2012-08-02T00:00:00	CC_BY_4_0	Herbário Vale do São Francisco	F. Socolowski		native	2025-04-04T06:24:59.904Z		INSTITUTION_MATCH_NONE
1090517361	bc81e05b-ed51-46ba-a0a4-90fbae9b5545	https://specieslink.net/guid/264/130877	Plantae	Tracheophyta	Magnoliopsida	Malpighiales	Malpighiaceae	Barnebya	Barnebya harleyi		SPECIES	Barnebya harleyi W.R.Anderson & B.Gates	Barnebya harleyi		BR	Reserva Biológica Serra Negra.	Pernambuco	PRESENT		c6aacf9d-a5a7-4d7f-a6fc-ea0a4b8ec450	-8.658333	-38.006389							1991-03-04	4	3	1991	3984448	3984448	PRESERVED_SPECIMEN	CEPLAC	CEPEC	130877	2352	J. G. de C.-Sobrinho		CC_BY_4_0	Herbário do Centro de Pesquisas do Cacau	J. G. de C.-Sobrinho		native	2025-03-20T22:51:20.501Z		CONTINENT_DERIVED_FROM_COORDINATES;PRESUMED_SWAPPED_COORDINATE;INSTITUTION_MATCH_NONE
1090492560	bc81e05b-ed51-46ba-a0a4-90fbae9b5545	https://specieslink.net/guid/264/100778	Plantae	Tracheophyta	Magnoliopsida	Malpighiales	Malpighiaceae	Barnebya	Barnebya harleyi		SPECIES	Barnebya harleyi W.R.Anderson & B.Gates	Barnebya harleyi		BR	Médio São Francisco. Estrada para Ibotirama - torre de alta tensão.	Bahia	PRESENT		c6aacf9d-a5a7-4d7f-a6fc-ea0a4b8ec450	-12.772778	-43.1875							2003-04-30	30	4	2003	3984448	3984448	PRESERVED_SPECIMEN	CEPLAC	CEPEC	100778	10372	M. L. Guedes		CC_BY_4_0	Herbário do Centro de Pesquisas do Cacau	M. L. Guedes		native	2025-03-20T22:51:18.976Z		CONTINENT_DERIVED_FROM_COORDINATES;INSTITUTION_MATCH_NONE
1090489796	bc81e05b-ed51-46ba-a0a4-90fbae9b5545	https://specieslink.net/guid/264/97958	Plantae	Tracheophyta	Magnoliopsida	Malpighiales	Malpighiaceae	Barnebya	Barnebya harleyi		SPECIES	Barnebya harleyi W.R.Anderson & B.Gates	Barnebya harleyi		BR	Fazenda Xingó, perto de Xingozinho, 3Km da divisa com a Bahia.	Sergipe	PRESENT		c6aacf9d-a5a7-4d7f-a6fc-ea0a4b8ec450	-9.563333	-38.0175							2001-04-25	25	4	2001	3984448	3984448	PRESERVED_SPECIMEN	CEPLAC	CEPEC	97958	54284	R. M. Harley		CC_BY_4_0	Herbário do Centro de Pesquisas do Cacau	R. M. Harley		native	2025-03-20T22:51:18.698Z		CONTINENT_DERIVED_FROM_COORDINATES;INSTITUTION_MATCH_NONE
1090470072	bc81e05b-ed51-46ba-a0a4-90fbae9b5545	https://specieslink.net/guid/264/75347	Plantae	Tracheophyta	Magnoliopsida	Malpighiales	Malpighiaceae	Barnebya	Barnebya harleyi		SPECIES	Barnebya harleyi W.R.Anderson & B.Gates	Barnebya harleyi		BR	3Km ao NW de Lagoinha (5.5Km ao SW de Delfino), Rod. p/ Minas do Mimoso.	Bahia	PRESENT		c6aacf9d-a5a7-4d7f-a6fc-ea0a4b8ec450	-10.45	-41.266667							1974-03-05	5	3	1974	3984448	3984448	PRESERVED_SPECIMEN	CEPLAC	CEPEC	75347	16750	W. R. Anderson		CC_BY_4_0	Herbário do Centro de Pesquisas do Cacau	R. M. Harley	Isotype	native	2025-03-20T22:51:17.307Z		CONTINENT_DERIVED_FROM_COORDINATES;INSTITUTION_MATCH_NONE
1090467934	bc81e05b-ed51-46ba-a0a4-90fbae9b5545	https://specieslink.net/guid/264/72812	Plantae	Tracheophyta	Magnoliopsida	Malpighiales	Malpighiaceae	Barnebya	Barnebya harleyi		SPECIES	Barnebya harleyi W.R.Anderson & B.Gates	Barnebya harleyi		BR	Morro do Agenor.	Bahia	PRESENT		c6aacf9d-a5a7-4d7f-a6fc-ea0a4b8ec450	-12.716667	-39.7							1996-05-26	26	5	1996	3984448	3984448	PRESERVED_SPECIMEN	CEPLAC	CEPEC	72812	1597	P. Dib		CC_BY_4_0	Herbário do Centro de Pesquisas do Cacau	E. de Melo		native	2025-03-20T22:51:17.030Z		CONTINENT_DERIVED_FROM_COORDINATES;INSTITUTION_MATCH_NONE
1090444169	bc81e05b-ed51-46ba-a0a4-90fbae9b5545	https://specieslink.net/guid/264/45142	Plantae	Tracheophyta	Magnoliopsida	Malpighiales	Malpighiaceae	Barnebya	Barnebya harleyi		SPECIES	Barnebya harleyi W.R.Anderson & B.Gates	Barnebya harleyi		BR	Km 10 Rod. Maracás/Marcionilio Dias.	Bahia	PRESENT		c6aacf9d-a5a7-4d7f-a6fc-ea0a4b8ec450									1989-05-23	23	5	1989	3984448	3984448	PRESERVED_SPECIMEN	CEPLAC	CEPEC	45142	2850	W. R. Anderson		CC_BY_4_0	Herbário do Centro de Pesquisas do Cacau	L. A. Mattos-Silva		native	2025-03-20T22:51:15.758Z		CONTINENT_DERIVED_FROM_COUNTRY;INSTITUTION_MATCH_NONE
1090432925	bc81e05b-ed51-46ba-a0a4-90fbae9b5545	https://specieslink.net/guid/264/32859	Plantae	Tracheophyta	Magnoliopsida	Malpighiales	Malpighiaceae	Barnebya	Barnebya harleyi		SPECIES	Barnebya harleyi W.R.Anderson & B.Gates	Barnebya harleyi		BR	3Km ao NW de Lagoinha (5.5Km ao SW Delfino), Rod. p/ Minas do Mimoso.	Bahia	PRESENT		c6aacf9d-a5a7-4d7f-a6fc-ea0a4b8ec450	-10.45	-41.266667							1974-03-05	5	3	1974	3984448	3984448	PRESERVED_SPECIMEN	CEPLAC	CEPEC	32859	16750	B. Gates		CC_BY_4_0	Herbário do Centro de Pesquisas do Cacau	R. M. Harley	Holotype	native	2025-03-20T22:51:14.984Z		CONTINENT_DERIVED_FROM_COORDINATES;INSTITUTION_MATCH_NONE
1090427151	bc81e05b-ed51-46ba-a0a4-90fbae9b5545	https://specieslink.net/guid/264/26489	Plantae	Tracheophyta	Magnoliopsida	Malpighiales	Malpighiaceae	Barnebya	Barnebya harleyi		SPECIES	Barnebya harleyi W.R.Anderson & B.Gates	Barnebya harleyi		BR	Povoado de Duas Serras.	Bahia	PRESENT		c6aacf9d-a5a7-4d7f-a6fc-ea0a4b8ec450									1981-05-13	13	5	1981	3984448	3984448	PRESERVED_SPECIMEN	CEPLAC	CEPEC	26489	436	A. M. Amorim		CC_BY_4_0	Herbário do Centro de Pesquisas do Cacau	H. P. Bautista		native	2025-03-20T22:51:14.830Z		CONTINENT_DERIVED_FROM_COUNTRY;INSTITUTION_MATCH_NONE
1089238004	ca7f81ae-ebf9-43a8-947c-535a87fe5aec	https://specieslink.net/guid/157/31887	Plantae	Tracheophyta	Magnoliopsida	Malpighiales	Malpighiaceae	Barnebya	Barnebya harleyi		SPECIES	Barnebya harleyi W.R.Anderson & B.Gates	Barnebya harleyi	W.R.Anderson & B. Gates	BR	Morro do Agenor ou da Madeira	Bahia	PRESENT		4d653db1-17d5-4565-99a5-d88643e240ce	-12.716667	-39.7			370.0	60.0			1996-05-26	26	5	1996	3984448	3984448	PRESERVED_SPECIMEN	UFC	EAC	31887	s.n.	Amorim, A.	1999-01-01T00:00:00	CC_BY_4_0	Herbário Prisco Bezerra	Melo, E.; França, F.; Correia, C.		native	2025-03-28T04:45:30.982Z		INSTITUTION_MATCH_FUZZY;INSTITUTION_COLLECTION_MISMATCH;DIFFERENT_OWNER_INSTITUTION
1087583137	d2470ef8-edfa-4ba7-821e-c3e1a537bdba	https://specieslink.net/guid/220/21628	Plantae	Tracheophyta	Magnoliopsida	Malpighiales	Malpighiaceae	Barnebya	Barnebya harleyi		SPECIES	Barnebya harleyi W.R.Anderson & B.Gates	Barnebya harleyi	W.R.Anderson & B.Gates	BR	Reserva Florestal.	Minas Gerais	PRESENT		4265f332-341c-45f6-b30b-5dc2e39b86e8					0.0	0.0			1991-05		5	1991	3984448	3984448	PRESERVED_SPECIMEN	UFMG	BHCB	21628	s.n.		2018-01-01T00:00:00	CC_BY_4_0	Herbário da UFMG - Fanerógamas, Algas e Fungos	Costa, LV		native	2025-03-20T22:50:24.206Z		INSTITUTION_MATCH_NONE
1077593283	a0cb1f6e-5766-4cc5-a8a0-cfc6a22c5c3d	https://specieslink.net/guid/151/15748	Plantae	Tracheophyta	Magnoliopsida	Malpighiales	Malpighiaceae	Barnebya	Barnebya harleyi		SPECIES	Barnebya harleyi W.R.Anderson & B.Gates	Barnebya harleyi	W.R.Anderson & B.Gates	BR	Morro das Tocas.	Bahia	PRESENT		81114709-2a6c-4e0b-908b-cb207a8708c2	-13.201853	-40.166667							1996-03-30	30	3	1996	3984448	3984448	PRESERVED_SPECIMEN	IMA	MAC	15748	1518	A.Amorim	1999-01-01T00:00:00	CC_BY_4_0	Herbário do Instituto do Meio Ambiente do Estado de Alagoas	E.Melo; et al.		native	2025-03-28T04:45:55.782Z		CONTINENT_DERIVED_FROM_COORDINATES;INSTITUTION_MATCH_FUZZY;INSTITUTION_COLLECTION_MISMATCH;DIFFERENT_OWNER_INSTITUTION
1077593270	a0cb1f6e-5766-4cc5-a8a0-cfc6a22c5c3d	https://specieslink.net/guid/151/15721	Plantae	Tracheophyta	Magnoliopsida	Malpighiales	Malpighiaceae	Barnebya	Barnebya harleyi		SPECIES	Barnebya harleyi W.R.Anderson & B.Gates	Barnebya harleyi	W.R.Anderson & B.Gates	BR	Morro do Agenor, Mata da base do Inselberg.	Bahia	PRESENT		81114709-2a6c-4e0b-908b-cb207a8708c2	-13.201853	-40.166667							1996-03-31	31	3	1996	3984448	3984448	PRESERVED_SPECIMEN	IMA	MAC	15721	1544	A.Amorim	1999-01-01T00:00:00	CC_BY_4_0	Herbário do Instituto do Meio Ambiente do Estado de Alagoas	E.Melo; et al.		native	2025-03-28T04:45:55.791Z		CONTINENT_DERIVED_FROM_COORDINATES;INSTITUTION_MATCH_FUZZY;INSTITUTION_COLLECTION_MISMATCH;DIFFERENT_OWNER_INSTITUTION
1077563900	f45c5ee0-e5ec-42e3-a80a-07318144efa4	https://specieslink.net/guid/148/63741	Plantae	Tracheophyta	Magnoliopsida	Malpighiales	Malpighiaceae	Barnebya	Barnebya harleyi		SPECIES	Barnebya harleyi W.R.Anderson & B.Gates	Barnebya harleyi	W.R. Anderson & B. Gates	BR	Morro do Agenor, mata da base do Incelberg.	Bahia	PRESENT		202d5f34-ff58-4ad7-964f-c947ce18078e	-12.716667	-39.7			280.0	0.0			1996-03-31	31	3	1996	3984448	3984448	PRESERVED_SPECIMEN	IPA	IPA	63741	1544			CC_BY_4_0	Herbário - IPA Dárdano de Andrade Lima	Melo, E.; França, F.; Correia, C.; Ribeiro, R.; França, F.; Correia, C.; Ribeiro, R.		native	2025-04-03T18:58:00.577Z		INSTITUTION_MATCH_FUZZY;COLLECTION_MATCH_FUZZY;DIFFERENT_OWNER_INSTITUTION
1077528592	f45c5ee0-e5ec-42e3-a80a-07318144efa4	https://specieslink.net/guid/148/19619	Plantae	Tracheophyta	Magnoliopsida	Malpighiales	Malpighiaceae	Barnebya	Barnebya harleyi		SPECIES	Barnebya harleyi W.R.Anderson & B.Gates	Barnebya harleyi	W.R. Anderson & B. Gates	BR	entre Bom Nome e São José do Belmonte.	Pernambuco	PRESENT		202d5f34-ff58-4ad7-964f-c947ce18078e									1971-05-13	13	5	1971	3984448	3984448	PRESERVED_SPECIMEN	IPA	IPA	19619	733	André	1999-01-01T00:00:00	CC_BY_4_0	Herbário - IPA Dárdano de Andrade Lima	Academia Brasileira de Ciências		native	2025-04-03T18:57:50.716Z		INSTITUTION_MATCH_FUZZY;COLLECTION_MATCH_FUZZY;DIFFERENT_OWNER_INSTITUTION
1077528590	f45c5ee0-e5ec-42e3-a80a-07318144efa4	https://specieslink.net/guid/148/19618	Plantae	Tracheophyta	Magnoliopsida	Malpighiales	Malpighiaceae	Barnebya	Barnebya harleyi		SPECIES	Barnebya harleyi W.R.Anderson & B.Gates	Barnebya harleyi	W.R. Anderson & B. Gates	BR	entre Bom Nome e São José do Belmonte.	Pernambuco	PRESENT		202d5f34-ff58-4ad7-964f-c947ce18078e									1971-05-13	13	5	1971	3984448	3984448	PRESERVED_SPECIMEN	IPA	IPA	19618	733	André	1999-01-01T00:00:00	CC_BY_4_0	Herbário - IPA Dárdano de Andrade Lima	Academia Brasileira de Ciências		native	2025-04-03T18:57:50.715Z		INSTITUTION_MATCH_FUZZY;COLLECTION_MATCH_FUZZY;DIFFERENT_OWNER_INSTITUTION
1077230930	5b5cf455-a448-4c0a-aecd-3e0956f27f10	https://specieslink.net/guid/256/88321	Plantae	Tracheophyta	Magnoliopsida	Malpighiales	Malpighiaceae	Barnebya	Barnebya harleyi		SPECIES	Barnebya harleyi W.R.Anderson & B.Gates	Barnebya harleyi	W.R.Anderson & B.Gates	BR	Recôncavo Sul, Trilha da Pedra Furada	Bahia	PRESENT		afdd8e93-b4e3-491c-88f0-8a22834ac1a9	-12.7	-39.683333							2009-03-23	23	3	2009	3984448	3984448	PRESERVED_SPECIMEN	UFBA	ALCB	88321	14687	Guedes, ML	2009-05-01T00:00:00	CC_BY_4_0	Herbário Alexandre Leal Costa	Guedes, ML; Oliveira, AJ de		native	2025-03-31T19:01:50.036Z		INSTITUTION_MATCH_NONE
1077220170	5b5cf455-a448-4c0a-aecd-3e0956f27f10	https://specieslink.net/guid/256/66731	Plantae	Tracheophyta	Magnoliopsida	Malpighiales	Malpighiaceae	Barnebya	Barnebya harleyi		SPECIES	Barnebya harleyi W.R.Anderson & B.Gates	Barnebya harleyi	W.R.Anderson & B.Gates	BR	Noroeste, Assentamento Vila Canaã	Bahia	PRESENT		afdd8e93-b4e3-491c-88f0-8a22834ac1a9	-10.476111	-38.973611							2004-04-13	13	4	2004	3984448	3984448	PRESERVED_SPECIMEN	UFBA	ALCB	66731	11155	Anjos, BA dos	2004-06-01T00:00:00	CC_BY_4_0	Herbário Alexandre Leal Costa	Guedes, ML; Anjos, BA dos		native	2025-03-31T19:01:48.932Z		INSTITUTION_MATCH_NONE
1077217844	5b5cf455-a448-4c0a-aecd-3e0956f27f10	https://specieslink.net/guid/256/62354	Plantae	Tracheophyta	Magnoliopsida	Malpighiales	Malpighiaceae	Barnebya	Barnebya harleyi		SPECIES	Barnebya harleyi W.R.Anderson & B.Gates	Barnebya harleyi	W.R.Anderson & B.Gates	BR	Médio São Francisco, Estrada para Ibotirama - torre de alta tensão	Bahia	PRESENT		afdd8e93-b4e3-491c-88f0-8a22834ac1a9	-12.772778	-43.1875							2003-04-30	30	4	2003	3984448	3984448	PRESERVED_SPECIMEN	UFBA	ALCB	62354	10372	Guedes, ML	2003-06-01T00:00:00	CC_BY_4_0	Herbário Alexandre Leal Costa	Guedes, ML; Rigueira, D; Oliveira, VF de; Guedes, ML; et al.		native	2025-03-31T19:01:48.591Z		INSTITUTION_MATCH_NONE
1077213086	5b5cf455-a448-4c0a-aecd-3e0956f27f10	https://specieslink.net/guid/256/55155	Plantae	Tracheophyta	Magnoliopsida	Malpighiales	Malpighiaceae	Barnebya	Barnebya harleyi		SPECIES	Barnebya harleyi W.R.Anderson & B.Gates	Barnebya harleyi	W.R.Anderson & B.Gates	BR	Fazenda Xingó, proximo de Xingozinho, 3 Km da divisa com a Bahia	Sergipe	PRESENT		afdd8e93-b4e3-491c-88f0-8a22834ac1a9	-9.563333	-38.0175							2001-04-25	25	4	2001	3984448	3984448	PRESERVED_SPECIMEN	UFBA	ALCB	55155	54284	Harley, RM	2001-05-01T00:00:00	CC_BY_4_0	Herbário Alexandre Leal Costa	Harley, RM; Queiroz, LP de; Andrade, BS de; Carneiro, AS; Silva, BM		native	2025-03-31T19:01:47.999Z		INSTITUTION_MATCH_NONE
